source_id,job_title_raw,soc_code_raw,occurrence_count,before_version,after_version,before_technical_role,after_technical_role,before_family,after_family,before_method,after_method,before_rule,after_rule,before_review_status,after_review_status,transition
dol_lca,Project Manager,15-1299.09,865,role_taxonomy_v1,role_taxonomy_v2,True,False,other_computing,not_relevant,SOC_MAPPING,STRONG_EXCLUSION_PATTERN,soc_mapping:6,nontechnical_management_analysis,NOT_REQUIRED,NOT_REQUIRED,TECHNICAL:other_computing -> NOT_RELEVANT:not_relevant
dol_lca,Manager,11-3021.00,741,role_taxonomy_v1,role_taxonomy_v2,True,False,technical_management_related,not_relevant,SOC_MAPPING,STRONG_EXCLUSION_PATTERN,soc_mapping:5,nontechnical_management_analysis,NOT_REQUIRED,NOT_REQUIRED,TECHNICAL:technical_management_related -> NOT_RELEVANT:not_relevant
dol_lca,Product Manager,15-1299.09,683,role_taxonomy_v1,role_taxonomy_v2,True,False,other_computing,not_relevant,SOC_MAPPING,STRONG_EXCLUSION_PATTERN,soc_mapping:6,nontechnical_management_analysis,NOT_REQUIRED,NOT_REQUIRED,TECHNICAL:other_computing -> NOT_RELEVANT:not_relevant
dol_perm,Manager,15-1132,605,role_taxonomy_v1,role_taxonomy_v2,True,False,software_engineering,not_relevant,SOC_MAPPING,STRONG_EXCLUSION_PATTERN,soc_mapping:0,nontechnical_management_analysis,NOT_REQUIRED,NOT_REQUIRED,TECHNICAL:software_engineering -> NOT_RELEVANT:not_relevant
dol_lca,Manager,15-1252.00,487,role_taxonomy_v1,role_taxonomy_v2,True,False,software_engineering,not_relevant,SOC_MAPPING,STRONG_EXCLUSION_PATTERN,soc_mapping:0,nontechnical_management_analysis,NOT_REQUIRED,NOT_REQUIRED,TECHNICAL:software_engineering -> NOT_RELEVANT:not_relevant
dol_lca,Business Analyst,15-2051.01,473,role_taxonomy_v1,role_taxonomy_v2,True,False,data_science,not_relevant,SOC_MAPPING,STRONG_EXCLUSION_PATTERN,soc_mapping:4,nontechnical_management_analysis,NOT_REQUIRED,NOT_REQUIRED,TECHNICAL:data_science -> NOT_RELEVANT:not_relevant
dol_lca,Business Analyst,15-1211.00,434,role_taxonomy_v1,role_taxonomy_v2,True,False,systems_infrastructure,not_relevant,SOC_MAPPING,STRONG_EXCLUSION_PATTERN,soc_mapping:2,nontechnical_management_analysis,NOT_REQUIRED,NOT_REQUIRED,TECHNICAL:systems_infrastructure -> NOT_RELEVANT:not_relevant
dol_lca,Associate,15-1252.00,324,role_taxonomy_v1,role_taxonomy_v2,True,False,software_engineering,not_relevant,SOC_MAPPING,STRONG_EXCLUSION_PATTERN,soc_mapping:0,nontechnical_management_analysis,NOT_REQUIRED,NOT_REQUIRED,TECHNICAL:software_engineering -> NOT_RELEVANT:not_relevant
dol_perm,Project Manager,15-1199,277,role_taxonomy_v1,role_taxonomy_v2,True,False,other_computing,not_relevant,SOC_MAPPING,STRONG_EXCLUSION_PATTERN,soc_mapping:6,nontechnical_management_analysis,NOT_REQUIRED,NOT_REQUIRED,TECHNICAL:other_computing -> NOT_RELEVANT:not_relevant
dol_perm,Business Analyst,15-1121,221,role_taxonomy_v1,role_taxonomy_v2,True,False,systems_infrastructure,not_relevant,SOC_MAPPING,STRONG_EXCLUSION_PATTERN,soc_mapping:2,nontechnical_management_analysis,NOT_REQUIRED,NOT_REQUIRED,TECHNICAL:systems_infrastructure -> NOT_RELEVANT:not_relevant
dol_lca,Director,15-1252.00,213,role_taxonomy_v1,role_taxonomy_v2,True,False,software_engineering,not_relevant,SOC_MAPPING,STRONG_EXCLUSION_PATTERN,soc_mapping:0,nontechnical_management_analysis,NOT_REQUIRED,NOT_REQUIRED,TECHNICAL:software_engineering -> NOT_RELEVANT:not_relevant
dol_perm,Associate,15-1252.00,212,role_taxonomy_v1,role_taxonomy_v2,True,False,software_engineering,not_relevant,SOC_MAPPING,STRONG_EXCLUSION_PATTERN,soc_mapping:0,nontechnical_management_analysis,NOT_REQUIRED,NOT_REQUIRED,TECHNICAL:software_engineering -> NOT_RELEVANT:not_relevant
dol_perm,Manager,15-1252.00,187,role_taxonomy_v1,role_taxonomy_v2,True,False,software_engineering,not_relevant,SOC_MAPPING,STRONG_EXCLUSION_PATTERN,soc_mapping:0,nontechnical_management_analysis,NOT_REQUIRED,NOT_REQUIRED,TECHNICAL:software_engineering -> NOT_RELEVANT:not_relevant
dol_perm,Business Analyst,15-1211.00,181,role_taxonomy_v1,role_taxonomy_v2,True,False,systems_infrastructure,not_relevant,SOC_MAPPING,STRONG_EXCLUSION_PATTERN,soc_mapping:2,nontechnical_management_analysis,NOT_REQUIRED,NOT_REQUIRED,TECHNICAL:systems_infrastructure -> NOT_RELEVANT:not_relevant
dol_lca,PROJECT MANAGER,15-1299.09,177,role_taxonomy_v1,role_taxonomy_v2,True,False,other_computing,not_relevant,SOC_MAPPING,STRONG_EXCLUSION_PATTERN,soc_mapping:6,nontechnical_management_analysis,NOT_REQUIRED,NOT_REQUIRED,TECHNICAL:other_computing -> NOT_RELEVANT:not_relevant
dol_lca,Product Manager,15-1252.00,165,role_taxonomy_v1,role_taxonomy_v2,True,False,software_engineering,not_relevant,SOC_MAPPING,STRONG_EXCLUSION_PATTERN,soc_mapping:0,nontechnical_management_analysis,NOT_REQUIRED,NOT_REQUIRED,TECHNICAL:software_engineering -> NOT_RELEVANT:not_relevant
dol_lca,Product Manager,11-3021.00,162,role_taxonomy_v1,role_taxonomy_v2,True,False,technical_management_related,not_relevant,SOC_MAPPING,STRONG_EXCLUSION_PATTERN,soc_mapping:5,nontechnical_management_analysis,NOT_REQUIRED,NOT_REQUIRED,TECHNICAL:technical_management_related -> NOT_RELEVANT:not_relevant
dol_lca,Consultant,15-1252.00,157,role_taxonomy_v1,role_taxonomy_v2,True,False,software_engineering,not_relevant,SOC_MAPPING,STRONG_EXCLUSION_PATTERN,soc_mapping:0,nontechnical_management_analysis,NOT_REQUIRED,NOT_REQUIRED,TECHNICAL:software_engineering -> NOT_RELEVANT:not_relevant
dol_lca,BUSINESS ANALYST,15-1211.00,135,role_taxonomy_v1,role_taxonomy_v2,True,False,systems_infrastructure,not_relevant,SOC_MAPPING,STRONG_EXCLUSION_PATTERN,soc_mapping:2,nontechnical_management_analysis,NOT_REQUIRED,NOT_REQUIRED,TECHNICAL:systems_infrastructure -> NOT_RELEVANT:not_relevant
dol_lca,Director,11-3021.00,131,role_taxonomy_v1,role_taxonomy_v2,True,False,technical_management_related,not_relevant,SOC_MAPPING,STRONG_EXCLUSION_PATTERN,soc_mapping:5,nontechnical_management_analysis,NOT_REQUIRED,NOT_REQUIRED,TECHNICAL:technical_management_related -> NOT_RELEVANT:not_relevant
dol_lca,Product Manager,15-2051.01,116,role_taxonomy_v1,role_taxonomy_v2,True,False,data_science,not_relevant,SOC_MAPPING,STRONG_EXCLUSION_PATTERN,soc_mapping:4,nontechnical_management_analysis,NOT_REQUIRED,NOT_REQUIRED,TECHNICAL:data_science -> NOT_RELEVANT:not_relevant
dol_lca,Manager,15-1212.00,115,role_taxonomy_v1,role_taxonomy_v2,True,False,systems_infrastructure,not_relevant,SOC_MAPPING,STRONG_EXCLUSION_PATTERN,soc_mapping:2,nontechnical_management_analysis,NOT_REQUIRED,NOT_REQUIRED,TECHNICAL:systems_infrastructure -> NOT_RELEVANT:not_relevant
dol_perm,Associate,15-1132,96,role_taxonomy_v1,role_taxonomy_v2,True,False,software_engineering,not_relevant,SOC_MAPPING,STRONG_EXCLUSION_PATTERN,soc_mapping:0,nontechnical_management_analysis,NOT_REQUIRED,NOT_REQUIRED,TECHNICAL:software_engineering -> NOT_RELEVANT:not_relevant
dol_lca,BUSINESS ANALYST,15-2051.01,95,role_taxonomy_v1,role_taxonomy_v2,True,False,data_science,not_relevant,SOC_MAPPING,STRONG_EXCLUSION_PATTERN,soc_mapping:4,nontechnical_management_analysis,NOT_REQUIRED,NOT_REQUIRED,TECHNICAL:data_science -> NOT_RELEVANT:not_relevant
dol_lca,Business Analyst,15-1252.00,85,role_taxonomy_v1,role_taxonomy_v2,True,False,software_engineering,not_relevant,SOC_MAPPING,STRONG_EXCLUSION_PATTERN,soc_mapping:0,nontechnical_management_analysis,NOT_REQUIRED,NOT_REQUIRED,TECHNICAL:software_engineering -> NOT_RELEVANT:not_relevant
dol_lca,Manager,15-1299.09,84,role_taxonomy_v1,role_taxonomy_v2,True,False,other_computing,not_relevant,SOC_MAPPING,STRONG_EXCLUSION_PATTERN,soc_mapping:6,nontechnical_management_analysis,NOT_REQUIRED,NOT_REQUIRED,TECHNICAL:other_computing -> NOT_RELEVANT:not_relevant
dol_perm,Product Manager,15-1199,84,role_taxonomy_v1,role_taxonomy_v2,True,False,other_computing,not_relevant,SOC_MAPPING,STRONG_EXCLUSION_PATTERN,soc_mapping:6,nontechnical_management_analysis,NOT_REQUIRED,NOT_REQUIRED,TECHNICAL:other_computing -> NOT_RELEVANT:not_relevant
dol_perm,Manager,11-3021,80,role_taxonomy_v1,role_taxonomy_v2,True,False,technical_management_related,not_relevant,SOC_MAPPING,STRONG_EXCLUSION_PATTERN,soc_mapping:5,nontechnical_management_analysis,NOT_REQUIRED,NOT_REQUIRED,TECHNICAL:technical_management_related -> NOT_RELEVANT:not_relevant
dol_perm,Product Manager,15-1132,70,role_taxonomy_v1,role_taxonomy_v2,True,False,software_engineering,not_relevant,SOC_MAPPING,STRONG_EXCLUSION_PATTERN,soc_mapping:0,nontechnical_management_analysis,NOT_REQUIRED,NOT_REQUIRED,TECHNICAL:software_engineering -> NOT_RELEVANT:not_relevant
dol_perm,Product Manager,15-1121,70,role_taxonomy_v1,role_taxonomy_v2,True,False,systems_infrastructure,not_relevant,SOC_MAPPING,STRONG_EXCLUSION_PATTERN,soc_mapping:2,nontechnical_management_analysis,NOT_REQUIRED,NOT_REQUIRED,TECHNICAL:systems_infrastructure -> NOT_RELEVANT:not_relevant
dol_perm,Consultant,15-1199,66,role_taxonomy_v1,role_taxonomy_v2,True,False,other_computing,not_relevant,SOC_MAPPING,STRONG_EXCLUSION_PATTERN,soc_mapping:6,nontechnical_management_analysis,NOT_REQUIRED,NOT_REQUIRED,TECHNICAL:other_computing -> NOT_RELEVANT:not_relevant
dol_perm,Consultant,15-1132,66,role_taxonomy_v1,role_taxonomy_v2,True,False,software_engineering,not_relevant,SOC_MAPPING,STRONG_EXCLUSION_PATTERN,soc_mapping:0,nontechnical_management_analysis,NOT_REQUIRED,NOT_REQUIRED,TECHNICAL:software_engineering -> NOT_RELEVANT:not_relevant
dol_perm,Manager,15-1199,65,role_taxonomy_v1,role_taxonomy_v2,True,False,other_computing,not_relevant,SOC_MAPPING,STRONG_EXCLUSION_PATTERN,soc_mapping:6,nontechnical_management_analysis,NOT_REQUIRED,NOT_REQUIRED,TECHNICAL:other_computing -> NOT_RELEVANT:not_relevant
dol_lca,Manager,15-1243.00,59,role_taxonomy_v1,role_taxonomy_v2,True,False,data_engineering,not_relevant,SOC_MAPPING,STRONG_EXCLUSION_PATTERN,soc_mapping:1,nontechnical_management_analysis,NOT_REQUIRED,NOT_REQUIRED,TECHNICAL:data_engineering -> NOT_RELEVANT:not_relevant
dol_perm,Business Analyst,15-2051.01,59,role_taxonomy_v1,role_taxonomy_v2,True,False,data_science,not_relevant,SOC_MAPPING,STRONG_EXCLUSION_PATTERN,soc_mapping:4,nontechnical_management_analysis,NOT_REQUIRED,NOT_REQUIRED,TECHNICAL:data_science -> NOT_RELEVANT:not_relevant
dol_lca,Director,15-1299.09,56,role_taxonomy_v1,role_taxonomy_v2,True,False,other_computing,not_relevant,SOC_MAPPING,STRONG_EXCLUSION_PATTERN,soc_mapping:6,nontechnical_management_analysis,NOT_REQUIRED,NOT_REQUIRED,TECHNICAL:other_computing -> NOT_RELEVANT:not_relevant
dol_lca,Associate,15-2051.00,55,role_taxonomy_v1,role_taxonomy_v2,True,False,data_science,not_relevant,SOC_MAPPING,STRONG_EXCLUSION_PATTERN,soc_mapping:4,nontechnical_management_analysis,NOT_REQUIRED,NOT_REQUIRED,TECHNICAL:data_science -> NOT_RELEVANT:not_relevant
dol_perm,Associate,15-1211.00,55,role_taxonomy_v1,role_taxonomy_v2,True,False,systems_infrastructure,not_relevant,SOC_MAPPING,STRONG_EXCLUSION_PATTERN,soc_mapping:2,nontechnical_management_analysis,NOT_REQUIRED,NOT_REQUIRED,TECHNICAL:systems_infrastructure -> NOT_RELEVANT:not_relevant
dol_perm,Consultant,15-1211.00,51,role_taxonomy_v1,role_taxonomy_v2,True,False,systems_infrastructure,not_relevant,SOC_MAPPING,STRONG_EXCLUSION_PATTERN,soc_mapping:2,nontechnical_management_analysis,NOT_REQUIRED,NOT_REQUIRED,TECHNICAL:systems_infrastructure -> NOT_RELEVANT:not_relevant
dol_lca,Business Analyst,15-1299.09,50,role_taxonomy_v1,role_taxonomy_v2,True,False,other_computing,not_relevant,SOC_MAPPING,STRONG_EXCLUSION_PATTERN,soc_mapping:6,nontechnical_management_analysis,NOT_REQUIRED,NOT_REQUIRED,TECHNICAL:other_computing -> NOT_RELEVANT:not_relevant
dol_lca,Consultant,15-2051.00,47,role_taxonomy_v1,role_taxonomy_v2,True,False,data_science,not_relevant,SOC_MAPPING,STRONG_EXCLUSION_PATTERN,soc_mapping:4,nontechnical_management_analysis,NOT_REQUIRED,NOT_REQUIRED,TECHNICAL:data_science -> NOT_RELEVANT:not_relevant
dol_lca,BUSINESS ANALYST,15-1199.08,47,role_taxonomy_v1,role_taxonomy_v2,True,False,other_computing,not_relevant,SOC_MAPPING,STRONG_EXCLUSION_PATTERN,soc_mapping:6,nontechnical_management_analysis,NOT_REQUIRED,NOT_REQUIRED,TECHNICAL:other_computing -> NOT_RELEVANT:not_relevant
dol_lca,Consultant,15-1211.00,47,role_taxonomy_v1,role_taxonomy_v2,True,False,systems_infrastructure,not_relevant,SOC_MAPPING,STRONG_EXCLUSION_PATTERN,soc_mapping:2,nontechnical_management_analysis,NOT_REQUIRED,NOT_REQUIRED,TECHNICAL:systems_infrastructure -> NOT_RELEVANT:not_relevant
dol_perm,Consultant,15-1252.00,46,role_taxonomy_v1,role_taxonomy_v2,True,False,software_engineering,not_relevant,SOC_MAPPING,STRONG_EXCLUSION_PATTERN,soc_mapping:0,nontechnical_management_analysis,NOT_REQUIRED,NOT_REQUIRED,TECHNICAL:software_engineering -> NOT_RELEVANT:not_relevant
dol_perm,Product Manager,11-3021,46,role_taxonomy_v1,role_taxonomy_v2,True,False,technical_management_related,not_relevant,SOC_MAPPING,STRONG_EXCLUSION_PATTERN,soc_mapping:5,nontechnical_management_analysis,NOT_REQUIRED,NOT_REQUIRED,TECHNICAL:technical_management_related -> NOT_RELEVANT:not_relevant
dol_lca,PRODUCT MANAGER,15-1299.09,45,role_taxonomy_v1,role_taxonomy_v2,True,False,other_computing,not_relevant,SOC_MAPPING,STRONG_EXCLUSION_PATTERN,soc_mapping:6,nontechnical_management_analysis,NOT_REQUIRED,NOT_REQUIRED,TECHNICAL:other_computing -> NOT_RELEVANT:not_relevant
dol_perm,Manager ,15-1252.00,45,role_taxonomy_v1,role_taxonomy_v2,True,False,software_engineering,not_relevant,SOC_MAPPING,STRONG_EXCLUSION_PATTERN,soc_mapping:0,nontechnical_management_analysis,NOT_REQUIRED,NOT_REQUIRED,TECHNICAL:software_engineering -> NOT_RELEVANT:not_relevant
dol_perm,Product Manager,15-1252.00,45,role_taxonomy_v1,role_taxonomy_v2,True,False,software_engineering,not_relevant,SOC_MAPPING,STRONG_EXCLUSION_PATTERN,soc_mapping:0,nontechnical_management_analysis,NOT_REQUIRED,NOT_REQUIRED,TECHNICAL:software_engineering -> NOT_RELEVANT:not_relevant
dol_perm,Business Analyst,15-1199,44,role_taxonomy_v1,role_taxonomy_v2,True,False,other_computing,not_relevant,SOC_MAPPING,STRONG_EXCLUSION_PATTERN,soc_mapping:6,nontechnical_management_analysis,NOT_REQUIRED,NOT_REQUIRED,TECHNICAL:other_computing -> NOT_RELEVANT:not_relevant
dol_lca,Project Manager,15-1299.00,41,role_taxonomy_v1,role_taxonomy_v2,True,False,other_computing,not_relevant,SOC_MAPPING,STRONG_EXCLUSION_PATTERN,soc_mapping:6,nontechnical_management_analysis,NOT_REQUIRED,NOT_REQUIRED,TECHNICAL:other_computing -> NOT_RELEVANT:not_relevant
dol_perm,BUSINESS ANALYST,15-1121,40,role_taxonomy_v1,role_taxonomy_v2,True,False,systems_infrastructure,not_relevant,SOC_MAPPING,STRONG_EXCLUSION_PATTERN,soc_mapping:2,nontechnical_management_analysis,NOT_REQUIRED,NOT_REQUIRED,TECHNICAL:systems_infrastructure -> NOT_RELEVANT:not_relevant
dol_lca,Project Manager,15-1252.00,39,role_taxonomy_v1,role_taxonomy_v2,True,False,software_engineering,not_relevant,SOC_MAPPING,STRONG_EXCLUSION_PATTERN,soc_mapping:0,nontechnical_management_analysis,NOT_REQUIRED,NOT_REQUIRED,TECHNICAL:software_engineering -> NOT_RELEVANT:not_relevant
dol_lca,Project Manager,11-3021.00,38,role_taxonomy_v1,role_taxonomy_v2,True,False,technical_management_related,not_relevant,SOC_MAPPING,STRONG_EXCLUSION_PATTERN,soc_mapping:5,nontechnical_management_analysis,NOT_REQUIRED,NOT_REQUIRED,TECHNICAL:technical_management_related -> NOT_RELEVANT:not_relevant
dol_lca,Manager,15-2051.00,37,role_taxonomy_v1,role_taxonomy_v2,True,False,data_science,not_relevant,SOC_MAPPING,STRONG_EXCLUSION_PATTERN,soc_mapping:4,nontechnical_management_analysis,NOT_REQUIRED,NOT_REQUIRED,TECHNICAL:data_science -> NOT_RELEVANT:not_relevant
dol_lca,Project Manager ,15-1299.09,37,role_taxonomy_v1,role_taxonomy_v2,True,False,other_computing,not_relevant,SOC_MAPPING,STRONG_EXCLUSION_PATTERN,soc_mapping:6,nontechnical_management_analysis,NOT_REQUIRED,NOT_REQUIRED,TECHNICAL:other_computing -> NOT_RELEVANT:not_relevant
dol_perm,BUSINESS ANALYST,15-1211.00,34,role_taxonomy_v1,role_taxonomy_v2,True,False,systems_infrastructure,not_relevant,SOC_MAPPING,STRONG_EXCLUSION_PATTERN,soc_mapping:2,nontechnical_management_analysis,NOT_REQUIRED,NOT_REQUIRED,TECHNICAL:systems_infrastructure -> NOT_RELEVANT:not_relevant
dol_perm,Manager,15-1253.00,33,role_taxonomy_v1,role_taxonomy_v2,True,False,software_engineering,not_relevant,SOC_MAPPING,STRONG_EXCLUSION_PATTERN,soc_mapping:0,nontechnical_management_analysis,NOT_REQUIRED,NOT_REQUIRED,TECHNICAL:software_engineering -> NOT_RELEVANT:not_relevant
dol_perm,Product Manager,15-1211.00,33,role_taxonomy_v1,role_taxonomy_v2,True,False,systems_infrastructure,not_relevant,SOC_MAPPING,STRONG_EXCLUSION_PATTERN,soc_mapping:2,nontechnical_management_analysis,NOT_REQUIRED,NOT_REQUIRED,TECHNICAL:systems_infrastructure -> NOT_RELEVANT:not_relevant
dol_lca,Associate,15-2051.01,32,role_taxonomy_v1,role_taxonomy_v2,True,False,data_science,not_relevant,SOC_MAPPING,STRONG_EXCLUSION_PATTERN,soc_mapping:4,nontechnical_management_analysis,NOT_REQUIRED,NOT_REQUIRED,TECHNICAL:data_science -> NOT_RELEVANT:not_relevant
dol_perm,Manager,15-1211.00,32,role_taxonomy_v1,role_taxonomy_v2,True,False,systems_infrastructure,not_relevant,SOC_MAPPING,STRONG_EXCLUSION_PATTERN,soc_mapping:2,nontechnical_management_analysis,NOT_REQUIRED,NOT_REQUIRED,TECHNICAL:systems_infrastructure -> NOT_RELEVANT:not_relevant
dol_perm,Product Manager,11-3021.00,32,role_taxonomy_v1,role_taxonomy_v2,True,False,technical_management_related,not_relevant,SOC_MAPPING,STRONG_EXCLUSION_PATTERN,soc_mapping:5,nontechnical_management_analysis,NOT_REQUIRED,NOT_REQUIRED,TECHNICAL:technical_management_related -> NOT_RELEVANT:not_relevant
dol_perm,Business Analyst,15-1132,31,role_taxonomy_v1,role_taxonomy_v2,True,False,software_engineering,not_relevant,SOC_MAPPING,STRONG_EXCLUSION_PATTERN,soc_mapping:0,nontechnical_management_analysis,NOT_REQUIRED,NOT_REQUIRED,TECHNICAL:software_engineering -> NOT_RELEVANT:not_relevant
dol_perm,Associate,15-1121,31,role_taxonomy_v1,role_taxonomy_v2,True,False,systems_infrastructure,not_relevant,SOC_MAPPING,STRONG_EXCLUSION_PATTERN,soc_mapping:2,nontechnical_management_analysis,NOT_REQUIRED,NOT_REQUIRED,TECHNICAL:systems_infrastructure -> NOT_RELEVANT:not_relevant
dol_perm,Consultant,15-1121,31,role_taxonomy_v1,role_taxonomy_v2,True,False,systems_infrastructure,not_relevant,SOC_MAPPING,STRONG_EXCLUSION_PATTERN,soc_mapping:2,nontechnical_management_analysis,NOT_REQUIRED,NOT_REQUIRED,TECHNICAL:systems_infrastructure -> NOT_RELEVANT:not_relevant
dol_perm,Manager,15-1121,30,role_taxonomy_v1,role_taxonomy_v2,True,False,systems_infrastructure,not_relevant,SOC_MAPPING,STRONG_EXCLUSION_PATTERN,soc_mapping:2,nontechnical_management_analysis,NOT_REQUIRED,NOT_REQUIRED,TECHNICAL:systems_infrastructure -> NOT_RELEVANT:not_relevant
dol_perm,Business Analyst,15-2051.00,29,role_taxonomy_v1,role_taxonomy_v2,True,False,data_science,not_relevant,SOC_MAPPING,STRONG_EXCLUSION_PATTERN,soc_mapping:4,nontechnical_management_analysis,NOT_REQUIRED,NOT_REQUIRED,TECHNICAL:data_science -> NOT_RELEVANT:not_relevant
dol_lca,Project Manager,15-1199.09,29,role_taxonomy_v1,role_taxonomy_v2,True,False,other_computing,not_relevant,SOC_MAPPING,STRONG_EXCLUSION_PATTERN,soc_mapping:6,nontechnical_management_analysis,NOT_REQUIRED,NOT_REQUIRED,TECHNICAL:other_computing -> NOT_RELEVANT:not_relevant
dol_lca,Manager,15-2051.01,28,role_taxonomy_v1,role_taxonomy_v2,True,False,data_science,not_relevant,SOC_MAPPING,STRONG_EXCLUSION_PATTERN,soc_mapping:4,nontechnical_management_analysis,NOT_REQUIRED,NOT_REQUIRED,TECHNICAL:data_science -> NOT_RELEVANT:not_relevant
dol_perm,Associate,15-1199,28,role_taxonomy_v1,role_taxonomy_v2,True,False,other_computing,not_relevant,SOC_MAPPING,STRONG_EXCLUSION_PATTERN,soc_mapping:6,nontechnical_management_analysis,NOT_REQUIRED,NOT_REQUIRED,TECHNICAL:other_computing -> NOT_RELEVANT:not_relevant
dol_lca,ASSOCIATE,15-1252.00,27,role_taxonomy_v1,role_taxonomy_v2,True,False,software_engineering,not_relevant,SOC_MAPPING,STRONG_EXCLUSION_PATTERN,soc_mapping:0,nontechnical_management_analysis,NOT_REQUIRED,NOT_REQUIRED,TECHNICAL:software_engineering -> NOT_RELEVANT:not_relevant
dol_lca,Associate,15-1211.00,27,role_taxonomy_v1,role_taxonomy_v2,True,False,systems_infrastructure,not_relevant,SOC_MAPPING,STRONG_EXCLUSION_PATTERN,soc_mapping:2,nontechnical_management_analysis,NOT_REQUIRED,NOT_REQUIRED,TECHNICAL:systems_infrastructure -> NOT_RELEVANT:not_relevant
dol_lca,Infrastructure Consultant 2 - Network and Desktop Support,15-1244.00,26,role_taxonomy_v1,role_taxonomy_v2,True,False,systems_infrastructure,not_relevant,SOC_MAPPING,STRONG_EXCLUSION_PATTERN,soc_mapping:2,low_level_it_support,NOT_REQUIRED,NOT_REQUIRED,TECHNICAL:systems_infrastructure -> NOT_RELEVANT:not_relevant
dol_lca,Product Manager,15-1211.00,26,role_taxonomy_v1,role_taxonomy_v2,True,False,systems_infrastructure,not_relevant,SOC_MAPPING,STRONG_EXCLUSION_PATTERN,soc_mapping:2,nontechnical_management_analysis,NOT_REQUIRED,NOT_REQUIRED,TECHNICAL:systems_infrastructure -> NOT_RELEVANT:not_relevant
dol_perm,Associate,15-1133,25,role_taxonomy_v1,role_taxonomy_v2,True,False,software_engineering,not_relevant,SOC_MAPPING,STRONG_EXCLUSION_PATTERN,soc_mapping:0,nontechnical_management_analysis,NOT_REQUIRED,NOT_REQUIRED,TECHNICAL:software_engineering -> NOT_RELEVANT:not_relevant
dol_lca,Consultant,15-1299.08,24,role_taxonomy_v1,role_taxonomy_v2,True,False,other_computing,not_relevant,SOC_MAPPING,STRONG_EXCLUSION_PATTERN,soc_mapping:6,nontechnical_management_analysis,NOT_REQUIRED,NOT_REQUIRED,TECHNICAL:other_computing -> NOT_RELEVANT:not_relevant
dol_perm,Associate ,15-1252.00,24,role_taxonomy_v1,role_taxonomy_v2,True,False,software_engineering,not_relevant,SOC_MAPPING,STRONG_EXCLUSION_PATTERN,soc_mapping:0,nontechnical_management_analysis,NOT_REQUIRED,NOT_REQUIRED,TECHNICAL:software_engineering -> NOT_RELEVANT:not_relevant
dol_lca,Director,15-1253.00,24,role_taxonomy_v1,role_taxonomy_v2,True,False,software_engineering,not_relevant,SOC_MAPPING,STRONG_EXCLUSION_PATTERN,soc_mapping:0,nontechnical_management_analysis,NOT_REQUIRED,NOT_REQUIRED,TECHNICAL:software_engineering -> NOT_RELEVANT:not_relevant
dol_lca,Manager,15-1253.00,24,role_taxonomy_v1,role_taxonomy_v2,True,False,software_engineering,not_relevant,SOC_MAPPING,STRONG_EXCLUSION_PATTERN,soc_mapping:0,nontechnical_management_analysis,NOT_REQUIRED,NOT_REQUIRED,TECHNICAL:software_engineering -> NOT_RELEVANT:not_relevant
dol_lca,Associate,15-1212.00,23,role_taxonomy_v1,role_taxonomy_v2,True,False,systems_infrastructure,not_relevant,SOC_MAPPING,STRONG_EXCLUSION_PATTERN,soc_mapping:2,nontechnical_management_analysis,NOT_REQUIRED,NOT_REQUIRED,TECHNICAL:systems_infrastructure -> NOT_RELEVANT:not_relevant
dol_lca,Director,15-1212.00,23,role_taxonomy_v1,role_taxonomy_v2,True,False,systems_infrastructure,not_relevant,SOC_MAPPING,STRONG_EXCLUSION_PATTERN,soc_mapping:2,nontechnical_management_analysis,NOT_REQUIRED,NOT_REQUIRED,TECHNICAL:systems_infrastructure -> NOT_RELEVANT:not_relevant
dol_lca,BUSINESS ANALYST,15-1299.09,22,role_taxonomy_v1,role_taxonomy_v2,True,False,other_computing,not_relevant,SOC_MAPPING,STRONG_EXCLUSION_PATTERN,soc_mapping:6,nontechnical_management_analysis,NOT_REQUIRED,NOT_REQUIRED,TECHNICAL:other_computing -> NOT_RELEVANT:not_relevant
dol_perm,Business Analyst ,15-1211.00,22,role_taxonomy_v1,role_taxonomy_v2,True,False,systems_infrastructure,not_relevant,SOC_MAPPING,STRONG_EXCLUSION_PATTERN,soc_mapping:2,nontechnical_management_analysis,NOT_REQUIRED,NOT_REQUIRED,TECHNICAL:systems_infrastructure -> NOT_RELEVANT:not_relevant
dol_lca,Business Analyst,15-2051.00,21,role_taxonomy_v1,role_taxonomy_v2,True,False,data_science,not_relevant,SOC_MAPPING,STRONG_EXCLUSION_PATTERN,soc_mapping:4,nontechnical_management_analysis,NOT_REQUIRED,NOT_REQUIRED,TECHNICAL:data_science -> NOT_RELEVANT:not_relevant
dol_lca,Consultant,15-2051.01,21,role_taxonomy_v1,role_taxonomy_v2,True,False,data_science,not_relevant,SOC_MAPPING,STRONG_EXCLUSION_PATTERN,soc_mapping:4,nontechnical_management_analysis,NOT_REQUIRED,NOT_REQUIRED,TECHNICAL:data_science -> NOT_RELEVANT:not_relevant
dol_perm,Business Analyst,15-1252.00,21,role_taxonomy_v1,role_taxonomy_v2,True,False,software_engineering,not_relevant,SOC_MAPPING,STRONG_EXCLUSION_PATTERN,soc_mapping:0,nontechnical_management_analysis,NOT_REQUIRED,NOT_REQUIRED,TECHNICAL:software_engineering -> NOT_RELEVANT:not_relevant
dol_perm,Associate,15-2051.01,20,role_taxonomy_v1,role_taxonomy_v2,True,False,data_science,not_relevant,SOC_MAPPING,STRONG_EXCLUSION_PATTERN,soc_mapping:4,nontechnical_management_analysis,NOT_REQUIRED,NOT_REQUIRED,TECHNICAL:data_science -> NOT_RELEVANT:not_relevant
dol_lca,Business Analyst,15-1299.08,20,role_taxonomy_v1,role_taxonomy_v2,True,False,other_computing,not_relevant,SOC_MAPPING,STRONG_EXCLUSION_PATTERN,soc_mapping:6,nontechnical_management_analysis,NOT_REQUIRED,NOT_REQUIRED,TECHNICAL:other_computing -> NOT_RELEVANT:not_relevant
dol_lca,Product Manager,15-1299.00,20,role_taxonomy_v1,role_taxonomy_v2,True,False,other_computing,not_relevant,SOC_MAPPING,STRONG_EXCLUSION_PATTERN,soc_mapping:6,nontechnical_management_analysis,NOT_REQUIRED,NOT_REQUIRED,TECHNICAL:other_computing -> NOT_RELEVANT:not_relevant
dol_lca,Associate,15-1253.00,20,role_taxonomy_v1,role_taxonomy_v2,True,False,software_engineering,not_relevant,SOC_MAPPING,STRONG_EXCLUSION_PATTERN,soc_mapping:0,nontechnical_management_analysis,NOT_REQUIRED,NOT_REQUIRED,TECHNICAL:software_engineering -> NOT_RELEVANT:not_relevant
dol_lca,Business Analyst,15-1253.00,20,role_taxonomy_v1,role_taxonomy_v2,True,False,software_engineering,not_relevant,SOC_MAPPING,STRONG_EXCLUSION_PATTERN,soc_mapping:0,nontechnical_management_analysis,NOT_REQUIRED,NOT_REQUIRED,TECHNICAL:software_engineering -> NOT_RELEVANT:not_relevant
dol_lca,Consultant,15-1253.00,20,role_taxonomy_v1,role_taxonomy_v2,True,False,software_engineering,not_relevant,SOC_MAPPING,STRONG_EXCLUSION_PATTERN,soc_mapping:0,nontechnical_management_analysis,NOT_REQUIRED,NOT_REQUIRED,TECHNICAL:software_engineering -> NOT_RELEVANT:not_relevant
dol_perm,Project Manager,11-3021,20,role_taxonomy_v1,role_taxonomy_v2,True,False,technical_management_related,not_relevant,SOC_MAPPING,STRONG_EXCLUSION_PATTERN,soc_mapping:5,nontechnical_management_analysis,NOT_REQUIRED,NOT_REQUIRED,TECHNICAL:technical_management_related -> NOT_RELEVANT:not_relevant
dol_lca,Business Analyst,15-1299.00,19,role_taxonomy_v1,role_taxonomy_v2,True,False,other_computing,not_relevant,SOC_MAPPING,STRONG_EXCLUSION_PATTERN,soc_mapping:6,nontechnical_management_analysis,NOT_REQUIRED,NOT_REQUIRED,TECHNICAL:other_computing -> NOT_RELEVANT:not_relevant
dol_lca,Associate,15-1132.00,19,role_taxonomy_v1,role_taxonomy_v2,True,False,software_engineering,not_relevant,SOC_MAPPING,STRONG_EXCLUSION_PATTERN,soc_mapping:0,nontechnical_management_analysis,NOT_REQUIRED,NOT_REQUIRED,TECHNICAL:software_engineering -> NOT_RELEVANT:not_relevant
dol_lca,Project Manager,15-1299.08,18,role_taxonomy_v1,role_taxonomy_v2,True,False,other_computing,not_relevant,SOC_MAPPING,STRONG_EXCLUSION_PATTERN,soc_mapping:6,nontechnical_management_analysis,NOT_REQUIRED,NOT_REQUIRED,TECHNICAL:other_computing -> NOT_RELEVANT:not_relevant
dol_perm,Product Manager,15-2051.01,17,role_taxonomy_v1,role_taxonomy_v2,True,False,data_science,not_relevant,SOC_MAPPING,STRONG_EXCLUSION_PATTERN,soc_mapping:4,nontechnical_management_analysis,NOT_REQUIRED,NOT_REQUIRED,TECHNICAL:data_science -> NOT_RELEVANT:not_relevant
dol_lca,Associate,15-1299.08,17,role_taxonomy_v1,role_taxonomy_v2,True,False,other_computing,not_relevant,SOC_MAPPING,STRONG_EXCLUSION_PATTERN,soc_mapping:6,nontechnical_management_analysis,NOT_REQUIRED,NOT_REQUIRED,TECHNICAL:other_computing -> NOT_RELEVANT:not_relevant
dol_lca,Product Manager,15-1299.08,17,role_taxonomy_v1,role_taxonomy_v2,True,False,other_computing,not_relevant,SOC_MAPPING,STRONG_EXCLUSION_PATTERN,soc_mapping:6,nontechnical_management_analysis,NOT_REQUIRED,NOT_REQUIRED,TECHNICAL:other_computing -> NOT_RELEVANT:not_relevant
dol_lca,Associate,15-1252,17,role_taxonomy_v1,role_taxonomy_v2,True,False,software_engineering,not_relevant,SOC_MAPPING,STRONG_EXCLUSION_PATTERN,soc_mapping:0,nontechnical_management_analysis,NOT_REQUIRED,NOT_REQUIRED,TECHNICAL:software_engineering -> NOT_RELEVANT:not_relevant
dol_perm,Product Manager,15-1133,17,role_taxonomy_v1,role_taxonomy_v2,True,False,software_engineering,not_relevant,SOC_MAPPING,STRONG_EXCLUSION_PATTERN,soc_mapping:0,nontechnical_management_analysis,NOT_REQUIRED,NOT_REQUIRED,TECHNICAL:software_engineering -> NOT_RELEVANT:not_relevant
dol_perm,MANAGER,11-3021,17,role_taxonomy_v1,role_taxonomy_v2,True,False,technical_management_related,not_relevant,SOC_MAPPING,STRONG_EXCLUSION_PATTERN,soc_mapping:5,nontechnical_management_analysis,NOT_REQUIRED,NOT_REQUIRED,TECHNICAL:technical_management_related -> NOT_RELEVANT:not_relevant
dol_lca,Director,15-2051.01,16,role_taxonomy_v1,role_taxonomy_v2,True,False,data_science,not_relevant,SOC_MAPPING,STRONG_EXCLUSION_PATTERN,soc_mapping:4,nontechnical_management_analysis,NOT_REQUIRED,NOT_REQUIRED,TECHNICAL:data_science -> NOT_RELEVANT:not_relevant
dol_lca,Product Manager,15-1199.09,16,role_taxonomy_v1,role_taxonomy_v2,True,False,other_computing,not_relevant,SOC_MAPPING,STRONG_EXCLUSION_PATTERN,soc_mapping:6,nontechnical_management_analysis,NOT_REQUIRED,NOT_REQUIRED,TECHNICAL:other_computing -> NOT_RELEVANT:not_relevant
dol_perm,Associate,15-2051.00,15,role_taxonomy_v1,role_taxonomy_v2,True,False,data_science,not_relevant,SOC_MAPPING,STRONG_EXCLUSION_PATTERN,soc_mapping:4,nontechnical_management_analysis,NOT_REQUIRED,NOT_REQUIRED,TECHNICAL:data_science -> NOT_RELEVANT:not_relevant
dol_lca,Business Analyst ,15-1211.00,15,role_taxonomy_v1,role_taxonomy_v2,True,False,systems_infrastructure,not_relevant,SOC_MAPPING,STRONG_EXCLUSION_PATTERN,soc_mapping:2,nontechnical_management_analysis,NOT_REQUIRED,NOT_REQUIRED,TECHNICAL:systems_infrastructure -> NOT_RELEVANT:not_relevant
dol_lca,Manager,15-1299.08,14,role_taxonomy_v1,role_taxonomy_v2,True,False,other_computing,not_relevant,SOC_MAPPING,STRONG_EXCLUSION_PATTERN,soc_mapping:6,nontechnical_management_analysis,NOT_REQUIRED,NOT_REQUIRED,TECHNICAL:other_computing -> NOT_RELEVANT:not_relevant
dol_perm,Consultant,15-1253.00,14,role_taxonomy_v1,role_taxonomy_v2,True,False,software_engineering,not_relevant,SOC_MAPPING,STRONG_EXCLUSION_PATTERN,soc_mapping:0,nontechnical_management_analysis,NOT_REQUIRED,NOT_REQUIRED,TECHNICAL:software_engineering -> NOT_RELEVANT:not_relevant
dol_lca,Consultant,15-1243.00,13,role_taxonomy_v1,role_taxonomy_v2,True,False,data_engineering,not_relevant,SOC_MAPPING,STRONG_EXCLUSION_PATTERN,soc_mapping:1,nontechnical_management_analysis,NOT_REQUIRED,NOT_REQUIRED,TECHNICAL:data_engineering -> NOT_RELEVANT:not_relevant
dol_lca,Associate,15-1299.09,13,role_taxonomy_v1,role_taxonomy_v2,True,False,other_computing,not_relevant,SOC_MAPPING,STRONG_EXCLUSION_PATTERN,soc_mapping:6,nontechnical_management_analysis,NOT_REQUIRED,NOT_REQUIRED,TECHNICAL:other_computing -> NOT_RELEVANT:not_relevant
dol_lca,BUSINESS ANALYST,15-1252.00,13,role_taxonomy_v1,role_taxonomy_v2,True,False,software_engineering,not_relevant,SOC_MAPPING,STRONG_EXCLUSION_PATTERN,soc_mapping:0,nontechnical_management_analysis,NOT_REQUIRED,NOT_REQUIRED,TECHNICAL:software_engineering -> NOT_RELEVANT:not_relevant
dol_perm,MANAGER,15-1132,13,role_taxonomy_v1,role_taxonomy_v2,True,False,software_engineering,not_relevant,SOC_MAPPING,STRONG_EXCLUSION_PATTERN,soc_mapping:0,nontechnical_management_analysis,NOT_REQUIRED,NOT_REQUIRED,TECHNICAL:software_engineering -> NOT_RELEVANT:not_relevant
dol_perm,Associate,15-1243.01,12,role_taxonomy_v1,role_taxonomy_v2,True,False,data_engineering,not_relevant,SOC_MAPPING,STRONG_EXCLUSION_PATTERN,soc_mapping:1,nontechnical_management_analysis,NOT_REQUIRED,NOT_REQUIRED,TECHNICAL:data_engineering -> NOT_RELEVANT:not_relevant
dol_lca,ASSOCIATE,15-2051.00,12,role_taxonomy_v1,role_taxonomy_v2,True,False,data_science,not_relevant,SOC_MAPPING,STRONG_EXCLUSION_PATTERN,soc_mapping:4,nontechnical_management_analysis,NOT_REQUIRED,NOT_REQUIRED,TECHNICAL:data_science -> NOT_RELEVANT:not_relevant
dol_lca,Product Manager,15-2051.00,12,role_taxonomy_v1,role_taxonomy_v2,True,False,data_science,not_relevant,SOC_MAPPING,STRONG_EXCLUSION_PATTERN,soc_mapping:4,nontechnical_management_analysis,NOT_REQUIRED,NOT_REQUIRED,TECHNICAL:data_science -> NOT_RELEVANT:not_relevant
dol_lca,Associate,15-1299.05,12,role_taxonomy_v1,role_taxonomy_v2,True,False,other_computing,not_relevant,SOC_MAPPING,STRONG_EXCLUSION_PATTERN,soc_mapping:6,nontechnical_management_analysis,NOT_REQUIRED,NOT_REQUIRED,TECHNICAL:other_computing -> NOT_RELEVANT:not_relevant
dol_lca,Product Manager ,15-1299.09,12,role_taxonomy_v1,role_taxonomy_v2,True,False,other_computing,not_relevant,SOC_MAPPING,STRONG_EXCLUSION_PATTERN,soc_mapping:6,nontechnical_management_analysis,NOT_REQUIRED,NOT_REQUIRED,TECHNICAL:other_computing -> NOT_RELEVANT:not_relevant
dol_perm,Director,11-3021,12,role_taxonomy_v1,role_taxonomy_v2,True,False,technical_management_related,not_relevant,SOC_MAPPING,STRONG_EXCLUSION_PATTERN,soc_mapping:5,nontechnical_management_analysis,NOT_REQUIRED,NOT_REQUIRED,TECHNICAL:technical_management_related -> NOT_RELEVANT:not_relevant
dol_lca,Manager ,11-3021.00,12,role_taxonomy_v1,role_taxonomy_v2,True,False,technical_management_related,not_relevant,SOC_MAPPING,STRONG_EXCLUSION_PATTERN,soc_mapping:5,nontechnical_management_analysis,NOT_REQUIRED,NOT_REQUIRED,TECHNICAL:technical_management_related -> NOT_RELEVANT:not_relevant
dol_perm,Recruitment Officer,41-4012,11,role_taxonomy_v1,role_taxonomy_v2,False,False,not_relevant,not_relevant,DEFAULT_NOT_RELEVANT,STRONG_EXCLUSION_PATTERN,no_technical_evidence,sales_recruiting,NOT_REQUIRED,NOT_REQUIRED,NOT_RELEVANT:not_relevant -> NOT_RELEVANT:not_relevant
dol_lca,Associate,15-1243.00,11,role_taxonomy_v1,role_taxonomy_v2,True,False,data_engineering,not_relevant,SOC_MAPPING,STRONG_EXCLUSION_PATTERN,soc_mapping:1,nontechnical_management_analysis,NOT_REQUIRED,NOT_REQUIRED,TECHNICAL:data_engineering -> NOT_RELEVANT:not_relevant
dol_lca,BUSINESS ANALYST,15-1299.00,11,role_taxonomy_v1,role_taxonomy_v2,True,False,other_computing,not_relevant,SOC_MAPPING,STRONG_EXCLUSION_PATTERN,soc_mapping:6,nontechnical_management_analysis,NOT_REQUIRED,NOT_REQUIRED,TECHNICAL:other_computing -> NOT_RELEVANT:not_relevant
dol_lca,Consultant,15-1299.09,11,role_taxonomy_v1,role_taxonomy_v2,True,False,other_computing,not_relevant,SOC_MAPPING,STRONG_EXCLUSION_PATTERN,soc_mapping:6,nontechnical_management_analysis,NOT_REQUIRED,NOT_REQUIRED,TECHNICAL:other_computing -> NOT_RELEVANT:not_relevant
dol_perm,Director,15-1199,11,role_taxonomy_v1,role_taxonomy_v2,True,False,other_computing,not_relevant,SOC_MAPPING,STRONG_EXCLUSION_PATTERN,soc_mapping:6,nontechnical_management_analysis,NOT_REQUIRED,NOT_REQUIRED,TECHNICAL:other_computing -> NOT_RELEVANT:not_relevant
dol_lca,Project Manager,15-1253.00,11,role_taxonomy_v1,role_taxonomy_v2,True,False,software_engineering,not_relevant,SOC_MAPPING,STRONG_EXCLUSION_PATTERN,soc_mapping:0,nontechnical_management_analysis,NOT_REQUIRED,NOT_REQUIRED,TECHNICAL:software_engineering -> NOT_RELEVANT:not_relevant
dol_lca,Project Manager,15-1211.00,11,role_taxonomy_v1,role_taxonomy_v2,True,False,systems_infrastructure,not_relevant,SOC_MAPPING,STRONG_EXCLUSION_PATTERN,soc_mapping:2,nontechnical_management_analysis,NOT_REQUIRED,NOT_REQUIRED,TECHNICAL:systems_infrastructure -> NOT_RELEVANT:not_relevant
dol_lca,Director,15-2051.00,10,role_taxonomy_v1,role_taxonomy_v2,True,False,data_science,not_relevant,SOC_MAPPING,STRONG_EXCLUSION_PATTERN,soc_mapping:4,nontechnical_management_analysis,NOT_REQUIRED,NOT_REQUIRED,TECHNICAL:data_science -> NOT_RELEVANT:not_relevant
dol_lca,BUSINESS ANALYST,15-1299.08,10,role_taxonomy_v1,role_taxonomy_v2,True,False,other_computing,not_relevant,SOC_MAPPING,STRONG_EXCLUSION_PATTERN,soc_mapping:6,nontechnical_management_analysis,NOT_REQUIRED,NOT_REQUIRED,TECHNICAL:other_computing -> NOT_RELEVANT:not_relevant
dol_lca,PROJECT MANAGER,15-1299.00,10,role_taxonomy_v1,role_taxonomy_v2,True,False,other_computing,not_relevant,SOC_MAPPING,STRONG_EXCLUSION_PATTERN,soc_mapping:6,nontechnical_management_analysis,NOT_REQUIRED,NOT_REQUIRED,TECHNICAL:other_computing -> NOT_RELEVANT:not_relevant
dol_lca,ASSOCIATE,15-1132.00,10,role_taxonomy_v1,role_taxonomy_v2,True,False,software_engineering,not_relevant,SOC_MAPPING,STRONG_EXCLUSION_PATTERN,soc_mapping:0,nontechnical_management_analysis,NOT_REQUIRED,NOT_REQUIRED,TECHNICAL:software_engineering -> NOT_RELEVANT:not_relevant
dol_lca,Business Analyst,15-1251.00,10,role_taxonomy_v1,role_taxonomy_v2,True,False,software_engineering,not_relevant,SOC_MAPPING,STRONG_EXCLUSION_PATTERN,soc_mapping:0,nontechnical_management_analysis,NOT_REQUIRED,NOT_REQUIRED,TECHNICAL:software_engineering -> NOT_RELEVANT:not_relevant
dol_perm,Manager,11-3021.00,10,role_taxonomy_v1,role_taxonomy_v2,True,False,technical_management_related,not_relevant,SOC_MAPPING,STRONG_EXCLUSION_PATTERN,soc_mapping:5,nontechnical_management_analysis,NOT_REQUIRED,NOT_REQUIRED,TECHNICAL:technical_management_related -> NOT_RELEVANT:not_relevant
dol_lca,Product Manager ,11-3021.00,10,role_taxonomy_v1,role_taxonomy_v2,True,False,technical_management_related,not_relevant,SOC_MAPPING,STRONG_EXCLUSION_PATTERN,soc_mapping:5,nontechnical_management_analysis,NOT_REQUIRED,NOT_REQUIRED,TECHNICAL:technical_management_related -> NOT_RELEVANT:not_relevant
dol_lca,Associate ,15-1252.00,9,role_taxonomy_v1,role_taxonomy_v2,True,False,software_engineering,not_relevant,SOC_MAPPING,STRONG_EXCLUSION_PATTERN,soc_mapping:0,nontechnical_management_analysis,NOT_REQUIRED,NOT_REQUIRED,TECHNICAL:software_engineering -> NOT_RELEVANT:not_relevant
dol_lca,Consultant,15-1132.00,9,role_taxonomy_v1,role_taxonomy_v2,True,False,software_engineering,not_relevant,SOC_MAPPING,STRONG_EXCLUSION_PATTERN,soc_mapping:0,nontechnical_management_analysis,NOT_REQUIRED,NOT_REQUIRED,TECHNICAL:software_engineering -> NOT_RELEVANT:not_relevant
dol_lca,Product Manager ,15-1252.00,9,role_taxonomy_v1,role_taxonomy_v2,True,False,software_engineering,not_relevant,SOC_MAPPING,STRONG_EXCLUSION_PATTERN,soc_mapping:0,nontechnical_management_analysis,NOT_REQUIRED,NOT_REQUIRED,TECHNICAL:software_engineering -> NOT_RELEVANT:not_relevant
dol_perm,Product Manager ,15-1252.00,9,role_taxonomy_v1,role_taxonomy_v2,True,False,software_engineering,not_relevant,SOC_MAPPING,STRONG_EXCLUSION_PATTERN,soc_mapping:0,nontechnical_management_analysis,NOT_REQUIRED,NOT_REQUIRED,TECHNICAL:software_engineering -> NOT_RELEVANT:not_relevant
dol_lca,Business Analyst,15-1121.00,9,role_taxonomy_v1,role_taxonomy_v2,True,False,systems_infrastructure,not_relevant,SOC_MAPPING,STRONG_EXCLUSION_PATTERN,soc_mapping:2,nontechnical_management_analysis,NOT_REQUIRED,NOT_REQUIRED,TECHNICAL:systems_infrastructure -> NOT_RELEVANT:not_relevant
dol_lca,Consultant,15-1212.00,9,role_taxonomy_v1,role_taxonomy_v2,True,False,systems_infrastructure,not_relevant,SOC_MAPPING,STRONG_EXCLUSION_PATTERN,soc_mapping:2,nontechnical_management_analysis,NOT_REQUIRED,NOT_REQUIRED,TECHNICAL:systems_infrastructure -> NOT_RELEVANT:not_relevant
dol_perm,Project Manager,15-1121,9,role_taxonomy_v1,role_taxonomy_v2,True,False,systems_infrastructure,not_relevant,SOC_MAPPING,STRONG_EXCLUSION_PATTERN,soc_mapping:2,nontechnical_management_analysis,NOT_REQUIRED,NOT_REQUIRED,TECHNICAL:systems_infrastructure -> NOT_RELEVANT:not_relevant
dol_perm,BUSINESS ANALYST,15-2051.01,8,role_taxonomy_v1,role_taxonomy_v2,True,False,data_science,not_relevant,SOC_MAPPING,STRONG_EXCLUSION_PATTERN,soc_mapping:4,nontechnical_management_analysis,NOT_REQUIRED,NOT_REQUIRED,TECHNICAL:data_science -> NOT_RELEVANT:not_relevant
dol_lca,Business Analyst ,15-2051.01,8,role_taxonomy_v1,role_taxonomy_v2,True,False,data_science,not_relevant,SOC_MAPPING,STRONG_EXCLUSION_PATTERN,soc_mapping:4,nontechnical_management_analysis,NOT_REQUIRED,NOT_REQUIRED,TECHNICAL:data_science -> NOT_RELEVANT:not_relevant
dol_perm,Consultant,15-2051.00,8,role_taxonomy_v1,role_taxonomy_v2,True,False,data_science,not_relevant,SOC_MAPPING,STRONG_EXCLUSION_PATTERN,soc_mapping:4,nontechnical_management_analysis,NOT_REQUIRED,NOT_REQUIRED,TECHNICAL:data_science -> NOT_RELEVANT:not_relevant
dol_lca,ASSOCIATE,15-1253.00,8,role_taxonomy_v1,role_taxonomy_v2,True,False,software_engineering,not_relevant,SOC_MAPPING,STRONG_EXCLUSION_PATTERN,soc_mapping:0,nontechnical_management_analysis,NOT_REQUIRED,NOT_REQUIRED,TECHNICAL:software_engineering -> NOT_RELEVANT:not_relevant
dol_perm,Associate,15-1253.00,8,role_taxonomy_v1,role_taxonomy_v2,True,False,software_engineering,not_relevant,SOC_MAPPING,STRONG_EXCLUSION_PATTERN,soc_mapping:0,nontechnical_management_analysis,NOT_REQUIRED,NOT_REQUIRED,TECHNICAL:software_engineering -> NOT_RELEVANT:not_relevant
dol_perm,Associate,15-1212.00,8,role_taxonomy_v1,role_taxonomy_v2,True,False,systems_infrastructure,not_relevant,SOC_MAPPING,STRONG_EXCLUSION_PATTERN,soc_mapping:2,nontechnical_management_analysis,NOT_REQUIRED,NOT_REQUIRED,TECHNICAL:systems_infrastructure -> NOT_RELEVANT:not_relevant
dol_lca,Associate,15-1244.00,8,role_taxonomy_v1,role_taxonomy_v2,True,False,systems_infrastructure,not_relevant,SOC_MAPPING,STRONG_EXCLUSION_PATTERN,soc_mapping:2,nontechnical_management_analysis,NOT_REQUIRED,NOT_REQUIRED,TECHNICAL:systems_infrastructure -> NOT_RELEVANT:not_relevant
dol_lca,Business Analyst,15-1211,8,role_taxonomy_v1,role_taxonomy_v2,True,False,systems_infrastructure,not_relevant,SOC_MAPPING,STRONG_EXCLUSION_PATTERN,soc_mapping:2,nontechnical_management_analysis,NOT_REQUIRED,NOT_REQUIRED,TECHNICAL:systems_infrastructure -> NOT_RELEVANT:not_relevant
dol_perm,Project Manager,15-1211.00,8,role_taxonomy_v1,role_taxonomy_v2,True,False,systems_infrastructure,not_relevant,SOC_MAPPING,STRONG_EXCLUSION_PATTERN,soc_mapping:2,nontechnical_management_analysis,NOT_REQUIRED,NOT_REQUIRED,TECHNICAL:systems_infrastructure -> NOT_RELEVANT:not_relevant
dol_perm,Product Manager,15-2051.00,7,role_taxonomy_v1,role_taxonomy_v2,True,False,data_science,not_relevant,SOC_MAPPING,STRONG_EXCLUSION_PATTERN,soc_mapping:4,nontechnical_management_analysis,NOT_REQUIRED,NOT_REQUIRED,TECHNICAL:data_science -> NOT_RELEVANT:not_relevant
dol_lca,Business Analyst,15-1199.08,7,role_taxonomy_v1,role_taxonomy_v2,True,False,other_computing,not_relevant,SOC_MAPPING,STRONG_EXCLUSION_PATTERN,soc_mapping:6,nontechnical_management_analysis,NOT_REQUIRED,NOT_REQUIRED,TECHNICAL:other_computing -> NOT_RELEVANT:not_relevant
dol_perm,MANAGER,15-1199,7,role_taxonomy_v1,role_taxonomy_v2,True,False,other_computing,not_relevant,SOC_MAPPING,STRONG_EXCLUSION_PATTERN,soc_mapping:6,nontechnical_management_analysis,NOT_REQUIRED,NOT_REQUIRED,TECHNICAL:other_computing -> NOT_RELEVANT:not_relevant
dol_lca,PROJECT MANAGER,15-1199.09,7,role_taxonomy_v1,role_taxonomy_v2,True,False,other_computing,not_relevant,SOC_MAPPING,STRONG_EXCLUSION_PATTERN,soc_mapping:6,nontechnical_management_analysis,NOT_REQUIRED,NOT_REQUIRED,TECHNICAL:other_computing -> NOT_RELEVANT:not_relevant
dol_perm,Business Analyst,15-1253.00,7,role_taxonomy_v1,role_taxonomy_v2,True,False,software_engineering,not_relevant,SOC_MAPPING,STRONG_EXCLUSION_PATTERN,soc_mapping:0,nontechnical_management_analysis,NOT_REQUIRED,NOT_REQUIRED,TECHNICAL:software_engineering -> NOT_RELEVANT:not_relevant
dol_lca,Manager,15-1211.00,7,role_taxonomy_v1,role_taxonomy_v2,True,False,systems_infrastructure,not_relevant,SOC_MAPPING,STRONG_EXCLUSION_PATTERN,soc_mapping:2,nontechnical_management_analysis,NOT_REQUIRED,NOT_REQUIRED,TECHNICAL:systems_infrastructure -> NOT_RELEVANT:not_relevant
dol_perm,Director,11-3021.00,7,role_taxonomy_v1,role_taxonomy_v2,True,False,technical_management_related,not_relevant,SOC_MAPPING,STRONG_EXCLUSION_PATTERN,soc_mapping:5,nontechnical_management_analysis,NOT_REQUIRED,NOT_REQUIRED,TECHNICAL:technical_management_related -> NOT_RELEVANT:not_relevant
dol_lca,PRODUCT MANAGER,11-3021.00,7,role_taxonomy_v1,role_taxonomy_v2,True,False,technical_management_related,not_relevant,SOC_MAPPING,STRONG_EXCLUSION_PATTERN,soc_mapping:5,nontechnical_management_analysis,NOT_REQUIRED,NOT_REQUIRED,TECHNICAL:technical_management_related -> NOT_RELEVANT:not_relevant
dol_perm,Product Manager ,11-3021.00,7,role_taxonomy_v1,role_taxonomy_v2,True,False,technical_management_related,not_relevant,SOC_MAPPING,STRONG_EXCLUSION_PATTERN,soc_mapping:5,nontechnical_management_analysis,NOT_REQUIRED,NOT_REQUIRED,TECHNICAL:technical_management_related -> NOT_RELEVANT:not_relevant
dol_lca,Recruiting Research Associate ,13-1071.00,6,role_taxonomy_v1,role_taxonomy_v2,False,False,not_relevant,not_relevant,DEFAULT_NOT_RELEVANT,STRONG_EXCLUSION_PATTERN,no_technical_evidence,sales_recruiting,NOT_REQUIRED,NOT_REQUIRED,NOT_RELEVANT:not_relevant -> NOT_RELEVANT:not_relevant
dol_perm,Recruitment Officer,11-3131.00,6,role_taxonomy_v1,role_taxonomy_v2,False,False,not_relevant,not_relevant,DEFAULT_NOT_RELEVANT,STRONG_EXCLUSION_PATTERN,no_technical_evidence,sales_recruiting,NOT_REQUIRED,NOT_REQUIRED,NOT_RELEVANT:not_relevant -> NOT_RELEVANT:not_relevant
dol_lca,ASSOCIATE,15-2051.01,6,role_taxonomy_v1,role_taxonomy_v2,True,False,data_science,not_relevant,SOC_MAPPING,STRONG_EXCLUSION_PATTERN,soc_mapping:4,nontechnical_management_analysis,NOT_REQUIRED,NOT_REQUIRED,TECHNICAL:data_science -> NOT_RELEVANT:not_relevant
dol_perm,Business Analyst ,15-2051.01,6,role_taxonomy_v1,role_taxonomy_v2,True,False,data_science,not_relevant,SOC_MAPPING,STRONG_EXCLUSION_PATTERN,soc_mapping:4,nontechnical_management_analysis,NOT_REQUIRED,NOT_REQUIRED,TECHNICAL:data_science -> NOT_RELEVANT:not_relevant
dol_lca,CONSULTANT,15-2051.00,6,role_taxonomy_v1,role_taxonomy_v2,True,False,data_science,not_relevant,SOC_MAPPING,STRONG_EXCLUSION_PATTERN,soc_mapping:4,nontechnical_management_analysis,NOT_REQUIRED,NOT_REQUIRED,TECHNICAL:data_science -> NOT_RELEVANT:not_relevant
dol_lca,ASSOCIATE,15-1299.09,6,role_taxonomy_v1,role_taxonomy_v2,True,False,other_computing,not_relevant,SOC_MAPPING,STRONG_EXCLUSION_PATTERN,soc_mapping:6,nontechnical_management_analysis,NOT_REQUIRED,NOT_REQUIRED,TECHNICAL:other_computing -> NOT_RELEVANT:not_relevant
dol_perm,Consultant ,15-1252.00,6,role_taxonomy_v1,role_taxonomy_v2,True,False,software_engineering,not_relevant,SOC_MAPPING,STRONG_EXCLUSION_PATTERN,soc_mapping:0,nontechnical_management_analysis,NOT_REQUIRED,NOT_REQUIRED,TECHNICAL:software_engineering -> NOT_RELEVANT:not_relevant
dol_perm,Director,15-1252.00,6,role_taxonomy_v1,role_taxonomy_v2,True,False,software_engineering,not_relevant,SOC_MAPPING,STRONG_EXCLUSION_PATTERN,soc_mapping:0,nontechnical_management_analysis,NOT_REQUIRED,NOT_REQUIRED,TECHNICAL:software_engineering -> NOT_RELEVANT:not_relevant
dol_lca,Product Manager,15-1253.00,6,role_taxonomy_v1,role_taxonomy_v2,True,False,software_engineering,not_relevant,SOC_MAPPING,STRONG_EXCLUSION_PATTERN,soc_mapping:0,nontechnical_management_analysis,NOT_REQUIRED,NOT_REQUIRED,TECHNICAL:software_engineering -> NOT_RELEVANT:not_relevant
dol_lca,Consultant,15-1121.00,6,role_taxonomy_v1,role_taxonomy_v2,True,False,systems_infrastructure,not_relevant,SOC_MAPPING,STRONG_EXCLUSION_PATTERN,soc_mapping:2,nontechnical_management_analysis,NOT_REQUIRED,NOT_REQUIRED,TECHNICAL:systems_infrastructure -> NOT_RELEVANT:not_relevant
dol_lca,Consultant,15-1242.00,6,role_taxonomy_v1,role_taxonomy_v2,True,False,systems_infrastructure,not_relevant,SOC_MAPPING,STRONG_EXCLUSION_PATTERN,soc_mapping:2,nontechnical_management_analysis,NOT_REQUIRED,NOT_REQUIRED,TECHNICAL:systems_infrastructure -> NOT_RELEVANT:not_relevant
dol_perm,Consultant ,15-1211.00,6,role_taxonomy_v1,role_taxonomy_v2,True,False,systems_infrastructure,not_relevant,SOC_MAPPING,STRONG_EXCLUSION_PATTERN,soc_mapping:2,nontechnical_management_analysis,NOT_REQUIRED,NOT_REQUIRED,TECHNICAL:systems_infrastructure -> NOT_RELEVANT:not_relevant
dol_lca,PROJECT MANAGER,11-3021.00,6,role_taxonomy_v1,role_taxonomy_v2,True,False,technical_management_related,not_relevant,SOC_MAPPING,STRONG_EXCLUSION_PATTERN,soc_mapping:5,nontechnical_management_analysis,NOT_REQUIRED,NOT_REQUIRED,TECHNICAL:technical_management_related -> NOT_RELEVANT:not_relevant
dol_perm,Associate,15-1241.00,5,role_taxonomy_v1,role_taxonomy_v2,True,False,data_engineering,not_relevant,SOC_MAPPING,STRONG_EXCLUSION_PATTERN,soc_mapping:1,nontechnical_management_analysis,NOT_REQUIRED,NOT_REQUIRED,TECHNICAL:data_engineering -> NOT_RELEVANT:not_relevant
dol_perm,Business Analyst,15-1243.01,5,role_taxonomy_v1,role_taxonomy_v2,True,False,data_engineering,not_relevant,SOC_MAPPING,STRONG_EXCLUSION_PATTERN,soc_mapping:1,nontechnical_management_analysis,NOT_REQUIRED,NOT_REQUIRED,TECHNICAL:data_engineering -> NOT_RELEVANT:not_relevant
dol_lca,BUSINESS ANALYST,15-2051.00,5,role_taxonomy_v1,role_taxonomy_v2,True,False,data_science,not_relevant,SOC_MAPPING,STRONG_EXCLUSION_PATTERN,soc_mapping:4,nontechnical_management_analysis,NOT_REQUIRED,NOT_REQUIRED,TECHNICAL:data_science -> NOT_RELEVANT:not_relevant
dol_lca,Business analyst,15-2051.01,5,role_taxonomy_v1,role_taxonomy_v2,True,False,data_science,not_relevant,SOC_MAPPING,STRONG_EXCLUSION_PATTERN,soc_mapping:4,nontechnical_management_analysis,NOT_REQUIRED,NOT_REQUIRED,TECHNICAL:data_science -> NOT_RELEVANT:not_relevant
dol_lca,Director,15-1299.08,5,role_taxonomy_v1,role_taxonomy_v2,True,False,other_computing,not_relevant,SOC_MAPPING,STRONG_EXCLUSION_PATTERN,soc_mapping:6,nontechnical_management_analysis,NOT_REQUIRED,NOT_REQUIRED,TECHNICAL:other_computing -> NOT_RELEVANT:not_relevant
dol_lca,Manager,15-1199.09,5,role_taxonomy_v1,role_taxonomy_v2,True,False,other_computing,not_relevant,SOC_MAPPING,STRONG_EXCLUSION_PATTERN,soc_mapping:6,nontechnical_management_analysis,NOT_REQUIRED,NOT_REQUIRED,TECHNICAL:other_computing -> NOT_RELEVANT:not_relevant
dol_lca,PROJECT MANAGER ,15-1299.09,5,role_taxonomy_v1,role_taxonomy_v2,True,False,other_computing,not_relevant,SOC_MAPPING,STRONG_EXCLUSION_PATTERN,soc_mapping:6,nontechnical_management_analysis,NOT_REQUIRED,NOT_REQUIRED,TECHNICAL:other_computing -> NOT_RELEVANT:not_relevant
dol_lca,Associate ,15-1132.00,5,role_taxonomy_v1,role_taxonomy_v2,True,False,software_engineering,not_relevant,SOC_MAPPING,STRONG_EXCLUSION_PATTERN,soc_mapping:0,nontechnical_management_analysis,NOT_REQUIRED,NOT_REQUIRED,TECHNICAL:software_engineering -> NOT_RELEVANT:not_relevant
dol_lca,Business Analyst,15-1132.00,5,role_taxonomy_v1,role_taxonomy_v2,True,False,software_engineering,not_relevant,SOC_MAPPING,STRONG_EXCLUSION_PATTERN,soc_mapping:0,nontechnical_management_analysis,NOT_REQUIRED,NOT_REQUIRED,TECHNICAL:software_engineering -> NOT_RELEVANT:not_relevant
dol_lca,Business Analyst ,15-1252.00,5,role_taxonomy_v1,role_taxonomy_v2,True,False,software_engineering,not_relevant,SOC_MAPPING,STRONG_EXCLUSION_PATTERN,soc_mapping:0,nontechnical_management_analysis,NOT_REQUIRED,NOT_REQUIRED,TECHNICAL:software_engineering -> NOT_RELEVANT:not_relevant
dol_perm,Director,15-1132,5,role_taxonomy_v1,role_taxonomy_v2,True,False,software_engineering,not_relevant,SOC_MAPPING,STRONG_EXCLUSION_PATTERN,soc_mapping:0,nontechnical_management_analysis,NOT_REQUIRED,NOT_REQUIRED,TECHNICAL:software_engineering -> NOT_RELEVANT:not_relevant
dol_perm,Project Manager,15-1253.00,5,role_taxonomy_v1,role_taxonomy_v2,True,False,software_engineering,not_relevant,SOC_MAPPING,STRONG_EXCLUSION_PATTERN,soc_mapping:0,nontechnical_management_analysis,NOT_REQUIRED,NOT_REQUIRED,TECHNICAL:software_engineering -> NOT_RELEVANT:not_relevant
dol_perm,Associate,15-1142,5,role_taxonomy_v1,role_taxonomy_v2,True,False,systems_infrastructure,not_relevant,SOC_MAPPING,STRONG_EXCLUSION_PATTERN,soc_mapping:2,nontechnical_management_analysis,NOT_REQUIRED,NOT_REQUIRED,TECHNICAL:systems_infrastructure -> NOT_RELEVANT:not_relevant
dol_perm,Director,15-1211.00,5,role_taxonomy_v1,role_taxonomy_v2,True,False,systems_infrastructure,not_relevant,SOC_MAPPING,STRONG_EXCLUSION_PATTERN,soc_mapping:2,nontechnical_management_analysis,NOT_REQUIRED,NOT_REQUIRED,TECHNICAL:systems_infrastructure -> NOT_RELEVANT:not_relevant
dol_lca,Manager,15-1242.00,5,role_taxonomy_v1,role_taxonomy_v2,True,False,systems_infrastructure,not_relevant,SOC_MAPPING,STRONG_EXCLUSION_PATTERN,soc_mapping:2,nontechnical_management_analysis,NOT_REQUIRED,NOT_REQUIRED,TECHNICAL:systems_infrastructure -> NOT_RELEVANT:not_relevant
dol_perm,Manager ,15-1211.00,5,role_taxonomy_v1,role_taxonomy_v2,True,False,systems_infrastructure,not_relevant,SOC_MAPPING,STRONG_EXCLUSION_PATTERN,soc_mapping:2,nontechnical_management_analysis,NOT_REQUIRED,NOT_REQUIRED,TECHNICAL:systems_infrastructure -> NOT_RELEVANT:not_relevant
dol_perm,Project Manager,11-3021.00,5,role_taxonomy_v1,role_taxonomy_v2,True,False,technical_management_related,not_relevant,SOC_MAPPING,STRONG_EXCLUSION_PATTERN,soc_mapping:5,nontechnical_management_analysis,NOT_REQUIRED,NOT_REQUIRED,TECHNICAL:technical_management_related -> NOT_RELEVANT:not_relevant
dol_lca,Director of Delivery & Recruiting – IT Consulting,13-1199.00,4,role_taxonomy_v1,role_taxonomy_v2,False,False,not_relevant,not_relevant,DEFAULT_NOT_RELEVANT,STRONG_EXCLUSION_PATTERN,no_technical_evidence,sales_recruiting,NOT_REQUIRED,NOT_REQUIRED,NOT_RELEVANT:not_relevant -> NOT_RELEVANT:not_relevant
dol_lca,Recruitment Manager,13-1071.00,4,role_taxonomy_v1,role_taxonomy_v2,False,False,not_relevant,not_relevant,DEFAULT_NOT_RELEVANT,STRONG_EXCLUSION_PATTERN,no_technical_evidence,sales_recruiting,NOT_REQUIRED,NOT_REQUIRED,NOT_RELEVANT:not_relevant -> NOT_RELEVANT:not_relevant
dol_lca,Director,15-1241.00,4,role_taxonomy_v1,role_taxonomy_v2,True,False,data_engineering,not_relevant,SOC_MAPPING,STRONG_EXCLUSION_PATTERN,soc_mapping:1,nontechnical_management_analysis,NOT_REQUIRED,NOT_REQUIRED,TECHNICAL:data_engineering -> NOT_RELEVANT:not_relevant
dol_lca,Director,15-1243.00,4,role_taxonomy_v1,role_taxonomy_v2,True,False,data_engineering,not_relevant,SOC_MAPPING,STRONG_EXCLUSION_PATTERN,soc_mapping:1,nontechnical_management_analysis,NOT_REQUIRED,NOT_REQUIRED,TECHNICAL:data_engineering -> NOT_RELEVANT:not_relevant
dol_lca,Manager,15-1241.00,4,role_taxonomy_v1,role_taxonomy_v2,True,False,data_engineering,not_relevant,SOC_MAPPING,STRONG_EXCLUSION_PATTERN,soc_mapping:1,nontechnical_management_analysis,NOT_REQUIRED,NOT_REQUIRED,TECHNICAL:data_engineering -> NOT_RELEVANT:not_relevant
dol_lca,Assistant Professor,15-2051.00,4,role_taxonomy_v1,role_taxonomy_v2,True,False,data_science,not_relevant,SOC_MAPPING,STRONG_EXCLUSION_PATTERN,soc_mapping:4,noncomputing_faculty,NOT_REQUIRED,NOT_REQUIRED,TECHNICAL:data_science -> NOT_RELEVANT:not_relevant
dol_lca,Associate,15-2051,4,role_taxonomy_v1,role_taxonomy_v2,True,False,data_science,not_relevant,SOC_MAPPING,STRONG_EXCLUSION_PATTERN,soc_mapping:4,nontechnical_management_analysis,NOT_REQUIRED,NOT_REQUIRED,TECHNICAL:data_science -> NOT_RELEVANT:not_relevant
dol_perm,Consultant,15-2051.01,4,role_taxonomy_v1,role_taxonomy_v2,True,False,data_science,not_relevant,SOC_MAPPING,STRONG_EXCLUSION_PATTERN,soc_mapping:4,nontechnical_management_analysis,NOT_REQUIRED,NOT_REQUIRED,TECHNICAL:data_science -> NOT_RELEVANT:not_relevant
dol_lca,Product Manager,15-2051.02,4,role_taxonomy_v1,role_taxonomy_v2,True,False,data_science,not_relevant,SOC_MAPPING,STRONG_EXCLUSION_PATTERN,soc_mapping:4,nontechnical_management_analysis,NOT_REQUIRED,NOT_REQUIRED,TECHNICAL:data_science -> NOT_RELEVANT:not_relevant
dol_lca,Associate,15-1199.08,4,role_taxonomy_v1,role_taxonomy_v2,True,False,other_computing,not_relevant,SOC_MAPPING,STRONG_EXCLUSION_PATTERN,soc_mapping:6,nontechnical_management_analysis,NOT_REQUIRED,NOT_REQUIRED,TECHNICAL:other_computing -> NOT_RELEVANT:not_relevant
dol_lca,PROJECT MANAGER,15-1299.08,4,role_taxonomy_v1,role_taxonomy_v2,True,False,other_computing,not_relevant,SOC_MAPPING,STRONG_EXCLUSION_PATTERN,soc_mapping:6,nontechnical_management_analysis,NOT_REQUIRED,NOT_REQUIRED,TECHNICAL:other_computing -> NOT_RELEVANT:not_relevant
dol_perm,Project Manager,15-1299.09,4,role_taxonomy_v1,role_taxonomy_v2,True,False,other_computing,not_relevant,SOC_MAPPING,STRONG_EXCLUSION_PATTERN,soc_mapping:6,nontechnical_management_analysis,NOT_REQUIRED,NOT_REQUIRED,TECHNICAL:other_computing -> NOT_RELEVANT:not_relevant
dol_lca,Project Manager     ,15-1299.09,4,role_taxonomy_v1,role_taxonomy_v2,True,False,other_computing,not_relevant,SOC_MAPPING,STRONG_EXCLUSION_PATTERN,soc_mapping:6,nontechnical_management_analysis,NOT_REQUIRED,NOT_REQUIRED,TECHNICAL:other_computing -> NOT_RELEVANT:not_relevant
dol_lca,Manager,15-1132.00,4,role_taxonomy_v1,role_taxonomy_v2,True,False,software_engineering,not_relevant,SOC_MAPPING,STRONG_EXCLUSION_PATTERN,soc_mapping:0,nontechnical_management_analysis,NOT_REQUIRED,NOT_REQUIRED,TECHNICAL:software_engineering -> NOT_RELEVANT:not_relevant
dol_lca,ASSOCIATE,15-1212.00,4,role_taxonomy_v1,role_taxonomy_v2,True,False,systems_infrastructure,not_relevant,SOC_MAPPING,STRONG_EXCLUSION_PATTERN,soc_mapping:2,nontechnical_management_analysis,NOT_REQUIRED,NOT_REQUIRED,TECHNICAL:systems_infrastructure -> NOT_RELEVANT:not_relevant
dol_lca,Associate,15-1121.00,4,role_taxonomy_v1,role_taxonomy_v2,True,False,systems_infrastructure,not_relevant,SOC_MAPPING,STRONG_EXCLUSION_PATTERN,soc_mapping:2,nontechnical_management_analysis,NOT_REQUIRED,NOT_REQUIRED,TECHNICAL:systems_infrastructure -> NOT_RELEVANT:not_relevant
dol_lca,BUSINESS ANALYST,15-1121.00,4,role_taxonomy_v1,role_taxonomy_v2,True,False,systems_infrastructure,not_relevant,SOC_MAPPING,STRONG_EXCLUSION_PATTERN,soc_mapping:2,nontechnical_management_analysis,NOT_REQUIRED,NOT_REQUIRED,TECHNICAL:systems_infrastructure -> NOT_RELEVANT:not_relevant
dol_lca,Business  Analyst,15-1211.00,4,role_taxonomy_v1,role_taxonomy_v2,True,False,systems_infrastructure,not_relevant,SOC_MAPPING,STRONG_EXCLUSION_PATTERN,soc_mapping:2,nontechnical_management_analysis,NOT_REQUIRED,NOT_REQUIRED,TECHNICAL:systems_infrastructure -> NOT_RELEVANT:not_relevant
dol_lca,Business Analyst,15-1242.00,4,role_taxonomy_v1,role_taxonomy_v2,True,False,systems_infrastructure,not_relevant,SOC_MAPPING,STRONG_EXCLUSION_PATTERN,soc_mapping:2,nontechnical_management_analysis,NOT_REQUIRED,NOT_REQUIRED,TECHNICAL:systems_infrastructure -> NOT_RELEVANT:not_relevant
dol_lca,PRODUCT MANAGER,15-1211.00,4,role_taxonomy_v1,role_taxonomy_v2,True,False,systems_infrastructure,not_relevant,SOC_MAPPING,STRONG_EXCLUSION_PATTERN,soc_mapping:2,nontechnical_management_analysis,NOT_REQUIRED,NOT_REQUIRED,TECHNICAL:systems_infrastructure -> NOT_RELEVANT:not_relevant
dol_lca,Associate Director - Recruitment,13-1071.00,3,role_taxonomy_v1,role_taxonomy_v2,False,False,not_relevant,not_relevant,DEFAULT_NOT_RELEVANT,STRONG_EXCLUSION_PATTERN,no_technical_evidence,sales_recruiting,NOT_REQUIRED,NOT_REQUIRED,NOT_RELEVANT:not_relevant -> NOT_RELEVANT:not_relevant
dol_lca,Assistant Professor of Biomedical Informatics,25-1021.00,3,role_taxonomy_v1,role_taxonomy_v2,True,False,computer_science_research,not_relevant,SOC_MAPPING,STRONG_EXCLUSION_PATTERN,soc_mapping:3,biological_chemical,NOT_REQUIRED,NOT_REQUIRED,TECHNICAL:computer_science_research -> NOT_RELEVANT:not_relevant
dol_lca,Associate,15-1241.00,3,role_taxonomy_v1,role_taxonomy_v2,True,False,data_engineering,not_relevant,SOC_MAPPING,STRONG_EXCLUSION_PATTERN,soc_mapping:1,nontechnical_management_analysis,NOT_REQUIRED,NOT_REQUIRED,TECHNICAL:data_engineering -> NOT_RELEVANT:not_relevant
dol_perm,Associate ,15-2051.01,3,role_taxonomy_v1,role_taxonomy_v2,True,False,data_science,not_relevant,SOC_MAPPING,STRONG_EXCLUSION_PATTERN,soc_mapping:4,nontechnical_management_analysis,NOT_REQUIRED,NOT_REQUIRED,TECHNICAL:data_science -> NOT_RELEVANT:not_relevant
dol_lca,"Data Analyst, Recruiting",15-2041.00,3,role_taxonomy_v1,role_taxonomy_v2,True,False,data_science,not_relevant,COMBINED_SOC_TITLE,STRONG_EXCLUSION_PATTERN,statistician_data_title,sales_recruiting,NOT_REQUIRED,NOT_REQUIRED,TECHNICAL:data_science -> NOT_RELEVANT:not_relevant
dol_perm,Manager,15-2051.00,3,role_taxonomy_v1,role_taxonomy_v2,True,False,data_science,not_relevant,SOC_MAPPING,STRONG_EXCLUSION_PATTERN,soc_mapping:4,nontechnical_management_analysis,NOT_REQUIRED,NOT_REQUIRED,TECHNICAL:data_science -> NOT_RELEVANT:not_relevant
dol_perm,Manager,15-2051.01,3,role_taxonomy_v1,role_taxonomy_v2,True,False,data_science,not_relevant,SOC_MAPPING,STRONG_EXCLUSION_PATTERN,soc_mapping:4,nontechnical_management_analysis,NOT_REQUIRED,NOT_REQUIRED,TECHNICAL:data_science -> NOT_RELEVANT:not_relevant
dol_lca,Project Manager,15-2051.02,3,role_taxonomy_v1,role_taxonomy_v2,True,False,data_science,not_relevant,SOC_MAPPING,STRONG_EXCLUSION_PATTERN,soc_mapping:4,nontechnical_management_analysis,NOT_REQUIRED,NOT_REQUIRED,TECHNICAL:data_science -> NOT_RELEVANT:not_relevant
dol_lca,Biomedical Data Scientist,15-2051.00,3,role_taxonomy_v1,role_taxonomy_v2,True,True,data_science,data_science,SOC_MAPPING,STRONG_TITLE_PATTERN,soc_mapping:4,data_science,NOT_REQUIRED,NOT_REQUIRED,TECHNICAL:data_science -> TECHNICAL:data_science
dol_lca, Manager ,15-1299.00,3,role_taxonomy_v1,role_taxonomy_v2,True,False,other_computing,not_relevant,SOC_MAPPING,STRONG_EXCLUSION_PATTERN,soc_mapping:6,nontechnical_management_analysis,NOT_REQUIRED,NOT_REQUIRED,TECHNICAL:other_computing -> NOT_RELEVANT:not_relevant
dol_lca,Associate,15-1199.01,3,role_taxonomy_v1,role_taxonomy_v2,True,False,other_computing,not_relevant,SOC_MAPPING,STRONG_EXCLUSION_PATTERN,soc_mapping:6,nontechnical_management_analysis,NOT_REQUIRED,NOT_REQUIRED,TECHNICAL:other_computing -> NOT_RELEVANT:not_relevant
dol_perm,BUSINESS ANALYST,15-1199,3,role_taxonomy_v1,role_taxonomy_v2,True,False,other_computing,not_relevant,SOC_MAPPING,STRONG_EXCLUSION_PATTERN,soc_mapping:6,nontechnical_management_analysis,NOT_REQUIRED,NOT_REQUIRED,TECHNICAL:other_computing -> NOT_RELEVANT:not_relevant
dol_lca,Business Analyst,15-1199.02,3,role_taxonomy_v1,role_taxonomy_v2,True,False,other_computing,not_relevant,SOC_MAPPING,STRONG_EXCLUSION_PATTERN,soc_mapping:6,nontechnical_management_analysis,NOT_REQUIRED,NOT_REQUIRED,TECHNICAL:other_computing -> NOT_RELEVANT:not_relevant
dol_lca,Director,15-1299.05,3,role_taxonomy_v1,role_taxonomy_v2,True,False,other_computing,not_relevant,SOC_MAPPING,STRONG_EXCLUSION_PATTERN,soc_mapping:6,nontechnical_management_analysis,NOT_REQUIRED,NOT_REQUIRED,TECHNICAL:other_computing -> NOT_RELEVANT:not_relevant
dol_lca,PRODUCT MANAGER,15-1299.08,3,role_taxonomy_v1,role_taxonomy_v2,True,False,other_computing,not_relevant,SOC_MAPPING,STRONG_EXCLUSION_PATTERN,soc_mapping:6,nontechnical_management_analysis,NOT_REQUIRED,NOT_REQUIRED,TECHNICAL:other_computing -> NOT_RELEVANT:not_relevant
dol_perm,PROJECT MANAGER,15-1199,3,role_taxonomy_v1,role_taxonomy_v2,True,False,other_computing,not_relevant,SOC_MAPPING,STRONG_EXCLUSION_PATTERN,soc_mapping:6,nontechnical_management_analysis,NOT_REQUIRED,NOT_REQUIRED,TECHNICAL:other_computing -> NOT_RELEVANT:not_relevant
dol_lca,Product Manager ,15-1299.08,3,role_taxonomy_v1,role_taxonomy_v2,True,False,other_computing,not_relevant,SOC_MAPPING,STRONG_EXCLUSION_PATTERN,soc_mapping:6,nontechnical_management_analysis,NOT_REQUIRED,NOT_REQUIRED,TECHNICAL:other_computing -> NOT_RELEVANT:not_relevant
dol_lca,Project Manager ,15-1199.09,3,role_taxonomy_v1,role_taxonomy_v2,True,False,other_computing,not_relevant,SOC_MAPPING,STRONG_EXCLUSION_PATTERN,soc_mapping:6,nontechnical_management_analysis,NOT_REQUIRED,NOT_REQUIRED,TECHNICAL:other_computing -> NOT_RELEVANT:not_relevant
dol_perm, Consultant,15-1253.00,3,role_taxonomy_v1,role_taxonomy_v2,True,False,software_engineering,not_relevant,SOC_MAPPING,STRONG_EXCLUSION_PATTERN,soc_mapping:0,nontechnical_management_analysis,NOT_REQUIRED,NOT_REQUIRED,TECHNICAL:software_engineering -> NOT_RELEVANT:not_relevant
dol_lca,Associate,15-1251.00,3,role_taxonomy_v1,role_taxonomy_v2,True,False,software_engineering,not_relevant,SOC_MAPPING,STRONG_EXCLUSION_PATTERN,soc_mapping:0,nontechnical_management_analysis,NOT_REQUIRED,NOT_REQUIRED,TECHNICAL:software_engineering -> NOT_RELEVANT:not_relevant
dol_perm,BUSINESS ANALYST,15-1132,3,role_taxonomy_v1,role_taxonomy_v2,True,False,software_engineering,not_relevant,SOC_MAPPING,STRONG_EXCLUSION_PATTERN,soc_mapping:0,nontechnical_management_analysis,NOT_REQUIRED,NOT_REQUIRED,TECHNICAL:software_engineering -> NOT_RELEVANT:not_relevant
dol_lca,BUSINESS ANALYST,15-1253.00,3,role_taxonomy_v1,role_taxonomy_v2,True,False,software_engineering,not_relevant,SOC_MAPPING,STRONG_EXCLUSION_PATTERN,soc_mapping:0,nontechnical_management_analysis,NOT_REQUIRED,NOT_REQUIRED,TECHNICAL:software_engineering -> NOT_RELEVANT:not_relevant
dol_lca,CONSULTANT,15-1251.00,3,role_taxonomy_v1,role_taxonomy_v2,True,False,software_engineering,not_relevant,SOC_MAPPING,STRONG_EXCLUSION_PATTERN,soc_mapping:0,nontechnical_management_analysis,NOT_REQUIRED,NOT_REQUIRED,TECHNICAL:software_engineering -> NOT_RELEVANT:not_relevant
dol_perm,Consultant,15-1133,3,role_taxonomy_v1,role_taxonomy_v2,True,False,software_engineering,not_relevant,SOC_MAPPING,STRONG_EXCLUSION_PATTERN,soc_mapping:0,nontechnical_management_analysis,NOT_REQUIRED,NOT_REQUIRED,TECHNICAL:software_engineering -> NOT_RELEVANT:not_relevant
dol_lca,Consultant,15-1251.00,3,role_taxonomy_v1,role_taxonomy_v2,True,False,software_engineering,not_relevant,SOC_MAPPING,STRONG_EXCLUSION_PATTERN,soc_mapping:0,nontechnical_management_analysis,NOT_REQUIRED,NOT_REQUIRED,TECHNICAL:software_engineering -> NOT_RELEVANT:not_relevant
dol_lca,Consultant ,15-1252.00,3,role_taxonomy_v1,role_taxonomy_v2,True,False,software_engineering,not_relevant,SOC_MAPPING,STRONG_EXCLUSION_PATTERN,soc_mapping:0,nontechnical_management_analysis,NOT_REQUIRED,NOT_REQUIRED,TECHNICAL:software_engineering -> NOT_RELEVANT:not_relevant
dol_lca,PRODUCT MANAGER,15-1252.00,3,role_taxonomy_v1,role_taxonomy_v2,True,False,software_engineering,not_relevant,SOC_MAPPING,STRONG_EXCLUSION_PATTERN,soc_mapping:0,nontechnical_management_analysis,NOT_REQUIRED,NOT_REQUIRED,TECHNICAL:software_engineering -> NOT_RELEVANT:not_relevant
dol_lca,PROJECT MANAGER,15-1252.00,3,role_taxonomy_v1,role_taxonomy_v2,True,False,software_engineering,not_relevant,SOC_MAPPING,STRONG_EXCLUSION_PATTERN,soc_mapping:0,nontechnical_management_analysis,NOT_REQUIRED,NOT_REQUIRED,TECHNICAL:software_engineering -> NOT_RELEVANT:not_relevant
dol_perm,PROJECT MANAGER,15-1252.00,3,role_taxonomy_v1,role_taxonomy_v2,True,False,software_engineering,not_relevant,SOC_MAPPING,STRONG_EXCLUSION_PATTERN,soc_mapping:0,nontechnical_management_analysis,NOT_REQUIRED,NOT_REQUIRED,TECHNICAL:software_engineering -> NOT_RELEVANT:not_relevant
dol_perm,Product Manager,15-1253.00,3,role_taxonomy_v1,role_taxonomy_v2,True,False,software_engineering,not_relevant,SOC_MAPPING,STRONG_EXCLUSION_PATTERN,soc_mapping:0,nontechnical_management_analysis,NOT_REQUIRED,NOT_REQUIRED,TECHNICAL:software_engineering -> NOT_RELEVANT:not_relevant
dol_lca,Project Manager,15-1132.00,3,role_taxonomy_v1,role_taxonomy_v2,True,False,software_engineering,not_relevant,SOC_MAPPING,STRONG_EXCLUSION_PATTERN,soc_mapping:0,nontechnical_management_analysis,NOT_REQUIRED,NOT_REQUIRED,TECHNICAL:software_engineering -> NOT_RELEVANT:not_relevant
dol_perm,Project Manager,15-1252.00,3,role_taxonomy_v1,role_taxonomy_v2,True,False,software_engineering,not_relevant,SOC_MAPPING,STRONG_EXCLUSION_PATTERN,soc_mapping:0,nontechnical_management_analysis,NOT_REQUIRED,NOT_REQUIRED,TECHNICAL:software_engineering -> NOT_RELEVANT:not_relevant
dol_lca,Associate,15-1242.00,3,role_taxonomy_v1,role_taxonomy_v2,True,False,systems_infrastructure,not_relevant,SOC_MAPPING,STRONG_EXCLUSION_PATTERN,soc_mapping:2,nontechnical_management_analysis,NOT_REQUIRED,NOT_REQUIRED,TECHNICAL:systems_infrastructure -> NOT_RELEVANT:not_relevant
dol_perm,Business  Analyst,15-1211.00,3,role_taxonomy_v1,role_taxonomy_v2,True,False,systems_infrastructure,not_relevant,SOC_MAPPING,STRONG_EXCLUSION_PATTERN,soc_mapping:2,nontechnical_management_analysis,NOT_REQUIRED,NOT_REQUIRED,TECHNICAL:systems_infrastructure -> NOT_RELEVANT:not_relevant
dol_lca,Business Analyst,15-1212.00,3,role_taxonomy_v1,role_taxonomy_v2,True,False,systems_infrastructure,not_relevant,SOC_MAPPING,STRONG_EXCLUSION_PATTERN,soc_mapping:2,nontechnical_management_analysis,NOT_REQUIRED,NOT_REQUIRED,TECHNICAL:systems_infrastructure -> NOT_RELEVANT:not_relevant
dol_lca,Business Analyst,15-1244.00,3,role_taxonomy_v1,role_taxonomy_v2,True,False,systems_infrastructure,not_relevant,SOC_MAPPING,STRONG_EXCLUSION_PATTERN,soc_mapping:2,nontechnical_management_analysis,NOT_REQUIRED,NOT_REQUIRED,TECHNICAL:systems_infrastructure -> NOT_RELEVANT:not_relevant
dol_lca,Business Analyst ,15-1211.00,3,role_taxonomy_v1,role_taxonomy_v2,True,False,systems_infrastructure,not_relevant,SOC_MAPPING,STRONG_EXCLUSION_PATTERN,soc_mapping:2,nontechnical_management_analysis,NOT_REQUIRED,NOT_REQUIRED,TECHNICAL:systems_infrastructure -> NOT_RELEVANT:not_relevant
dol_lca,Director,15-1211.00,3,role_taxonomy_v1,role_taxonomy_v2,True,False,systems_infrastructure,not_relevant,SOC_MAPPING,STRONG_EXCLUSION_PATTERN,soc_mapping:2,nontechnical_management_analysis,NOT_REQUIRED,NOT_REQUIRED,TECHNICAL:systems_infrastructure -> NOT_RELEVANT:not_relevant
dol_lca,Director,15-1242.00,3,role_taxonomy_v1,role_taxonomy_v2,True,False,systems_infrastructure,not_relevant,SOC_MAPPING,STRONG_EXCLUSION_PATTERN,soc_mapping:2,nontechnical_management_analysis,NOT_REQUIRED,NOT_REQUIRED,TECHNICAL:systems_infrastructure -> NOT_RELEVANT:not_relevant
dol_perm,MANAGER,15-1121,3,role_taxonomy_v1,role_taxonomy_v2,True,False,systems_infrastructure,not_relevant,SOC_MAPPING,STRONG_EXCLUSION_PATTERN,soc_mapping:2,nontechnical_management_analysis,NOT_REQUIRED,NOT_REQUIRED,TECHNICAL:systems_infrastructure -> NOT_RELEVANT:not_relevant
dol_lca,Basketball Coach - International Recruiting Coordinator,27-2022.00,2,role_taxonomy_v1,role_taxonomy_v2,False,False,not_relevant,not_relevant,DEFAULT_NOT_RELEVANT,STRONG_EXCLUSION_PATTERN,no_technical_evidence,sales_recruiting,NOT_REQUIRED,NOT_REQUIRED,NOT_RELEVANT:not_relevant -> NOT_RELEVANT:not_relevant
dol_lca,Coordinator of Graduate Recruitment,21-1012.00,2,role_taxonomy_v1,role_taxonomy_v2,False,False,not_relevant,not_relevant,DEFAULT_NOT_RELEVANT,STRONG_EXCLUSION_PATTERN,no_technical_evidence,sales_recruiting,NOT_REQUIRED,NOT_REQUIRED,NOT_RELEVANT:not_relevant -> NOT_RELEVANT:not_relevant
dol_lca,DIRECTOR OF BUSINESS DEVELOPMENT AND RECRUITMENT,13-1161.00,2,role_taxonomy_v1,role_taxonomy_v2,False,False,not_relevant,not_relevant,DEFAULT_NOT_RELEVANT,STRONG_EXCLUSION_PATTERN,no_technical_evidence,sales_recruiting,NOT_REQUIRED,NOT_REQUIRED,NOT_RELEVANT:not_relevant -> NOT_RELEVANT:not_relevant
dol_lca,DIRECTOR OF TECHNICAL RECRUITMENT,13-1071.00,2,role_taxonomy_v1,role_taxonomy_v2,False,False,not_relevant,not_relevant,DEFAULT_NOT_RELEVANT,STRONG_EXCLUSION_PATTERN,no_technical_evidence,sales_recruiting,NOT_REQUIRED,NOT_REQUIRED,NOT_RELEVANT:not_relevant -> NOT_RELEVANT:not_relevant
dol_lca,IT Recruitment Specialist,13-1071.00,2,role_taxonomy_v1,role_taxonomy_v2,False,False,not_relevant,not_relevant,DEFAULT_NOT_RELEVANT,STRONG_EXCLUSION_PATTERN,no_technical_evidence,sales_recruiting,NOT_REQUIRED,NOT_REQUIRED,NOT_RELEVANT:not_relevant -> NOT_RELEVANT:not_relevant
dol_lca,International Recruitment and Operations Analyst,13-1161.00,2,role_taxonomy_v1,role_taxonomy_v2,False,False,not_relevant,not_relevant,DEFAULT_NOT_RELEVANT,STRONG_EXCLUSION_PATTERN,no_technical_evidence,sales_recruiting,NOT_REQUIRED,NOT_REQUIRED,NOT_RELEVANT:not_relevant -> NOT_RELEVANT:not_relevant
dol_lca,"Manager, Enrollment and Recruitment",21-1012.00,2,role_taxonomy_v1,role_taxonomy_v2,False,False,not_relevant,not_relevant,DEFAULT_NOT_RELEVANT,STRONG_EXCLUSION_PATTERN,no_technical_evidence,sales_recruiting,NOT_REQUIRED,NOT_REQUIRED,NOT_RELEVANT:not_relevant -> NOT_RELEVANT:not_relevant
dol_lca,RECRUITING DIRECTOR,11-3121.00,2,role_taxonomy_v1,role_taxonomy_v2,False,False,not_relevant,not_relevant,DEFAULT_NOT_RELEVANT,STRONG_EXCLUSION_PATTERN,no_technical_evidence,sales_recruiting,NOT_REQUIRED,NOT_REQUIRED,NOT_RELEVANT:not_relevant -> NOT_RELEVANT:not_relevant
dol_perm,RECRUITMENT AND CREDENTIALING SPECIALIST,13-1071.00,2,role_taxonomy_v1,role_taxonomy_v2,False,False,not_relevant,not_relevant,DEFAULT_NOT_RELEVANT,STRONG_EXCLUSION_PATTERN,no_technical_evidence,sales_recruiting,NOT_REQUIRED,NOT_REQUIRED,NOT_RELEVANT:not_relevant -> NOT_RELEVANT:not_relevant
dol_lca,Recruiting Manager,13-1071.00,2,role_taxonomy_v1,role_taxonomy_v2,False,False,not_relevant,not_relevant,DEFAULT_NOT_RELEVANT,STRONG_EXCLUSION_PATTERN,no_technical_evidence,sales_recruiting,NOT_REQUIRED,NOT_REQUIRED,NOT_RELEVANT:not_relevant -> NOT_RELEVANT:not_relevant
dol_lca,Recruiting Senior Group Manager,11-3121.00,2,role_taxonomy_v1,role_taxonomy_v2,False,False,not_relevant,not_relevant,DEFAULT_NOT_RELEVANT,STRONG_EXCLUSION_PATTERN,no_technical_evidence,sales_recruiting,NOT_REQUIRED,NOT_REQUIRED,NOT_RELEVANT:not_relevant -> NOT_RELEVANT:not_relevant
dol_perm,Recruiting Specialist,13-1071.00,2,role_taxonomy_v1,role_taxonomy_v2,False,False,not_relevant,not_relevant,DEFAULT_NOT_RELEVANT,STRONG_EXCLUSION_PATTERN,no_technical_evidence,sales_recruiting,NOT_REQUIRED,NOT_REQUIRED,NOT_RELEVANT:not_relevant -> NOT_RELEVANT:not_relevant
dol_lca,Recruitment Consultant,13-1071.00,2,role_taxonomy_v1,role_taxonomy_v2,False,False,not_relevant,not_relevant,DEFAULT_NOT_RELEVANT,STRONG_EXCLUSION_PATTERN,no_technical_evidence,sales_recruiting,NOT_REQUIRED,NOT_REQUIRED,NOT_RELEVANT:not_relevant -> NOT_RELEVANT:not_relevant
dol_perm,Recruitment Manager,11-3121,2,role_taxonomy_v1,role_taxonomy_v2,False,False,not_relevant,not_relevant,DEFAULT_NOT_RELEVANT,STRONG_EXCLUSION_PATTERN,no_technical_evidence,sales_recruiting,NOT_REQUIRED,NOT_REQUIRED,NOT_RELEVANT:not_relevant -> NOT_RELEVANT:not_relevant
dol_perm,Recruitment Manager,11-3121.00,2,role_taxonomy_v1,role_taxonomy_v2,False,False,not_relevant,not_relevant,DEFAULT_NOT_RELEVANT,STRONG_EXCLUSION_PATTERN,no_technical_evidence,sales_recruiting,NOT_REQUIRED,NOT_REQUIRED,NOT_RELEVANT:not_relevant -> NOT_RELEVANT:not_relevant
dol_lca,Recruitment Manager,13-1161.00,2,role_taxonomy_v1,role_taxonomy_v2,False,False,not_relevant,not_relevant,DEFAULT_NOT_RELEVANT,STRONG_EXCLUSION_PATTERN,no_technical_evidence,sales_recruiting,NOT_REQUIRED,NOT_REQUIRED,NOT_RELEVANT:not_relevant -> NOT_RELEVANT:not_relevant
dol_perm,Senior Technical Recruitment Specialist,13-1071,2,role_taxonomy_v1,role_taxonomy_v2,False,False,not_relevant,not_relevant,DEFAULT_NOT_RELEVANT,STRONG_EXCLUSION_PATTERN,no_technical_evidence,sales_recruiting,NOT_REQUIRED,NOT_REQUIRED,NOT_RELEVANT:not_relevant -> NOT_RELEVANT:not_relevant
dol_lca,Senior Technical Sourcer (Recruiting),13-1071.00,2,role_taxonomy_v1,role_taxonomy_v2,False,False,not_relevant,not_relevant,DEFAULT_NOT_RELEVANT,STRONG_EXCLUSION_PATTERN,no_technical_evidence,sales_recruiting,NOT_REQUIRED,NOT_REQUIRED,NOT_RELEVANT:not_relevant -> NOT_RELEVANT:not_relevant
dol_perm,Student Recruitment Specialist,21-1012,2,role_taxonomy_v1,role_taxonomy_v2,False,False,not_relevant,not_relevant,DEFAULT_NOT_RELEVANT,STRONG_EXCLUSION_PATTERN,no_technical_evidence,sales_recruiting,NOT_REQUIRED,NOT_REQUIRED,NOT_RELEVANT:not_relevant -> NOT_RELEVANT:not_relevant
dol_lca,Assistant Professor,15-1221.00,2,role_taxonomy_v1,role_taxonomy_v2,True,False,computer_science_research,not_relevant,SOC_MAPPING,STRONG_EXCLUSION_PATTERN,soc_mapping:3,noncomputing_faculty,NOT_REQUIRED,NOT_REQUIRED,TECHNICAL:computer_science_research -> NOT_RELEVANT:not_relevant
dol_lca,Assistant Professor of Biomedical Data Science,25-1021.00,2,role_taxonomy_v1,role_taxonomy_v2,True,False,computer_science_research,not_relevant,SOC_MAPPING,STRONG_EXCLUSION_PATTERN,soc_mapping:3,biological_chemical,NOT_REQUIRED,NOT_REQUIRED,TECHNICAL:computer_science_research -> NOT_RELEVANT:not_relevant
dol_lca,Postdoc Research Associate -Computational Systems Biology,15-1221.00,2,role_taxonomy_v1,role_taxonomy_v2,True,False,computer_science_research,not_relevant,SOC_MAPPING,STRONG_EXCLUSION_PATTERN,soc_mapping:3,biological_chemical,NOT_REQUIRED,NOT_REQUIRED,TECHNICAL:computer_science_research -> NOT_RELEVANT:not_relevant
dol_perm,Product Manager,15-1111,2,role_taxonomy_v1,role_taxonomy_v2,True,False,computer_science_research,not_relevant,SOC_MAPPING,STRONG_EXCLUSION_PATTERN,soc_mapping:3,nontechnical_management_analysis,NOT_REQUIRED,NOT_REQUIRED,TECHNICAL:computer_science_research -> NOT_RELEVANT:not_relevant
dol_lca,Product Manager,15-1221.00,2,role_taxonomy_v1,role_taxonomy_v2,True,False,computer_science_research,not_relevant,SOC_MAPPING,STRONG_EXCLUSION_PATTERN,soc_mapping:3,nontechnical_management_analysis,NOT_REQUIRED,NOT_REQUIRED,TECHNICAL:computer_science_research -> NOT_RELEVANT:not_relevant
dol_lca,ASSOCIATE,15-1241.00,2,role_taxonomy_v1,role_taxonomy_v2,True,False,data_engineering,not_relevant,SOC_MAPPING,STRONG_EXCLUSION_PATTERN,soc_mapping:1,nontechnical_management_analysis,NOT_REQUIRED,NOT_REQUIRED,TECHNICAL:data_engineering -> NOT_RELEVANT:not_relevant
dol_lca,ASSOCIATE,15-1243.00,2,role_taxonomy_v1,role_taxonomy_v2,True,False,data_engineering,not_relevant,SOC_MAPPING,STRONG_EXCLUSION_PATTERN,soc_mapping:1,nontechnical_management_analysis,NOT_REQUIRED,NOT_REQUIRED,TECHNICAL:data_engineering -> NOT_RELEVANT:not_relevant
dol_perm,Associate,15-1243.00,2,role_taxonomy_v1,role_taxonomy_v2,True,False,data_engineering,not_relevant,SOC_MAPPING,STRONG_EXCLUSION_PATTERN,soc_mapping:1,nontechnical_management_analysis,NOT_REQUIRED,NOT_REQUIRED,TECHNICAL:data_engineering -> NOT_RELEVANT:not_relevant
dol_lca,Consultant,15-1241.00,2,role_taxonomy_v1,role_taxonomy_v2,True,False,data_engineering,not_relevant,SOC_MAPPING,STRONG_EXCLUSION_PATTERN,soc_mapping:1,nontechnical_management_analysis,NOT_REQUIRED,NOT_REQUIRED,TECHNICAL:data_engineering -> NOT_RELEVANT:not_relevant
dol_perm,Consultant,15-1243.01,2,role_taxonomy_v1,role_taxonomy_v2,True,False,data_engineering,not_relevant,SOC_MAPPING,STRONG_EXCLUSION_PATTERN,soc_mapping:1,nontechnical_management_analysis,NOT_REQUIRED,NOT_REQUIRED,TECHNICAL:data_engineering -> NOT_RELEVANT:not_relevant
dol_lca,Manager,15-1243.01,2,role_taxonomy_v1,role_taxonomy_v2,True,False,data_engineering,not_relevant,SOC_MAPPING,STRONG_EXCLUSION_PATTERN,soc_mapping:1,nontechnical_management_analysis,NOT_REQUIRED,NOT_REQUIRED,TECHNICAL:data_engineering -> NOT_RELEVANT:not_relevant
dol_lca, Business Analyst,15-2051.01,2,role_taxonomy_v1,role_taxonomy_v2,True,False,data_science,not_relevant,SOC_MAPPING,STRONG_EXCLUSION_PATTERN,soc_mapping:4,nontechnical_management_analysis,NOT_REQUIRED,NOT_REQUIRED,TECHNICAL:data_science -> NOT_RELEVANT:not_relevant
dol_lca, Product Manager,15-2051.01,2,role_taxonomy_v1,role_taxonomy_v2,True,False,data_science,not_relevant,SOC_MAPPING,STRONG_EXCLUSION_PATTERN,soc_mapping:4,nontechnical_management_analysis,NOT_REQUIRED,NOT_REQUIRED,TECHNICAL:data_science -> NOT_RELEVANT:not_relevant
dol_lca,Associate ,15-2051.00,2,role_taxonomy_v1,role_taxonomy_v2,True,False,data_science,not_relevant,SOC_MAPPING,STRONG_EXCLUSION_PATTERN,soc_mapping:4,nontechnical_management_analysis,NOT_REQUIRED,NOT_REQUIRED,TECHNICAL:data_science -> NOT_RELEVANT:not_relevant
dol_lca,BUSINESS  ANALYST,15-2051.01,2,role_taxonomy_v1,role_taxonomy_v2,True,False,data_science,not_relevant,SOC_MAPPING,STRONG_EXCLUSION_PATTERN,soc_mapping:4,nontechnical_management_analysis,NOT_REQUIRED,NOT_REQUIRED,TECHNICAL:data_science -> NOT_RELEVANT:not_relevant
dol_perm,BUSINESS ANALYST ,15-2051.01,2,role_taxonomy_v1,role_taxonomy_v2,True,False,data_science,not_relevant,SOC_MAPPING,STRONG_EXCLUSION_PATTERN,soc_mapping:4,nontechnical_management_analysis,NOT_REQUIRED,NOT_REQUIRED,TECHNICAL:data_science -> NOT_RELEVANT:not_relevant
dol_lca,Business  Analyst ,15-2051.01,2,role_taxonomy_v1,role_taxonomy_v2,True,False,data_science,not_relevant,SOC_MAPPING,STRONG_EXCLUSION_PATTERN,soc_mapping:4,nontechnical_management_analysis,NOT_REQUIRED,NOT_REQUIRED,TECHNICAL:data_science -> NOT_RELEVANT:not_relevant
dol_lca,Business Analyst,15-2051.02,2,role_taxonomy_v1,role_taxonomy_v2,True,False,data_science,not_relevant,SOC_MAPPING,STRONG_EXCLUSION_PATTERN,soc_mapping:4,nontechnical_management_analysis,NOT_REQUIRED,NOT_REQUIRED,TECHNICAL:data_science -> NOT_RELEVANT:not_relevant
dol_lca,Business Analyst ,15-2051.00,2,role_taxonomy_v1,role_taxonomy_v2,True,False,data_science,not_relevant,SOC_MAPPING,STRONG_EXCLUSION_PATTERN,soc_mapping:4,nontechnical_management_analysis,NOT_REQUIRED,NOT_REQUIRED,TECHNICAL:data_science -> NOT_RELEVANT:not_relevant
dol_lca,CONSULTANT,15-2051.01,2,role_taxonomy_v1,role_taxonomy_v2,True,False,data_science,not_relevant,SOC_MAPPING,STRONG_EXCLUSION_PATTERN,soc_mapping:4,nontechnical_management_analysis,NOT_REQUIRED,NOT_REQUIRED,TECHNICAL:data_science -> NOT_RELEVANT:not_relevant
dol_lca,Consultant,15-2051,2,role_taxonomy_v1,role_taxonomy_v2,True,False,data_science,not_relevant,SOC_MAPPING,STRONG_EXCLUSION_PATTERN,soc_mapping:4,nontechnical_management_analysis,NOT_REQUIRED,NOT_REQUIRED,TECHNICAL:data_science -> NOT_RELEVANT:not_relevant
dol_lca,Manager ,15-2051.01,2,role_taxonomy_v1,role_taxonomy_v2,True,False,data_science,not_relevant,SOC_MAPPING,STRONG_EXCLUSION_PATTERN,soc_mapping:4,nontechnical_management_analysis,NOT_REQUIRED,NOT_REQUIRED,TECHNICAL:data_science -> NOT_RELEVANT:not_relevant
dol_perm,Product Manager ,15-2051.00,2,role_taxonomy_v1,role_taxonomy_v2,True,False,data_science,not_relevant,SOC_MAPPING,STRONG_EXCLUSION_PATTERN,soc_mapping:4,nontechnical_management_analysis,NOT_REQUIRED,NOT_REQUIRED,TECHNICAL:data_science -> NOT_RELEVANT:not_relevant
dol_lca,Product Manager ,15-2051.01,2,role_taxonomy_v1,role_taxonomy_v2,True,False,data_science,not_relevant,SOC_MAPPING,STRONG_EXCLUSION_PATTERN,soc_mapping:4,nontechnical_management_analysis,NOT_REQUIRED,NOT_REQUIRED,TECHNICAL:data_science -> NOT_RELEVANT:not_relevant
dol_lca,Project Manager,15-2051.00,2,role_taxonomy_v1,role_taxonomy_v2,True,False,data_science,not_relevant,SOC_MAPPING,STRONG_EXCLUSION_PATTERN,soc_mapping:4,nontechnical_management_analysis,NOT_REQUIRED,NOT_REQUIRED,TECHNICAL:data_science -> NOT_RELEVANT:not_relevant
dol_perm,Project Manager,15-2051.00,2,role_taxonomy_v1,role_taxonomy_v2,True,False,data_science,not_relevant,SOC_MAPPING,STRONG_EXCLUSION_PATTERN,soc_mapping:4,nontechnical_management_analysis,NOT_REQUIRED,NOT_REQUIRED,TECHNICAL:data_science -> NOT_RELEVANT:not_relevant
dol_lca,"Senior Data Scientist in Molecular Bio, Cell Bio, & Biochem",15-2051.00,2,role_taxonomy_v1,role_taxonomy_v2,True,True,data_science,data_science,SOC_MAPPING,STRONG_TITLE_PATTERN,soc_mapping:4,data_science,NOT_REQUIRED,NOT_REQUIRED,TECHNICAL:data_science -> TECHNICAL:data_science
dol_lca,ASSOCIATE,15-1199.01,2,role_taxonomy_v1,role_taxonomy_v2,True,False,other_computing,not_relevant,SOC_MAPPING,STRONG_EXCLUSION_PATTERN,soc_mapping:6,nontechnical_management_analysis,NOT_REQUIRED,NOT_REQUIRED,TECHNICAL:other_computing -> NOT_RELEVANT:not_relevant
dol_lca,ASSOCIATE,15-1199.08,2,role_taxonomy_v1,role_taxonomy_v2,True,False,other_computing,not_relevant,SOC_MAPPING,STRONG_EXCLUSION_PATTERN,soc_mapping:6,nontechnical_management_analysis,NOT_REQUIRED,NOT_REQUIRED,TECHNICAL:other_computing -> NOT_RELEVANT:not_relevant
dol_lca,Associate,15-1299.00,2,role_taxonomy_v1,role_taxonomy_v2,True,False,other_computing,not_relevant,SOC_MAPPING,STRONG_EXCLUSION_PATTERN,soc_mapping:6,nontechnical_management_analysis,NOT_REQUIRED,NOT_REQUIRED,TECHNICAL:other_computing -> NOT_RELEVANT:not_relevant
dol_lca,Associate,15-1299.03,2,role_taxonomy_v1,role_taxonomy_v2,True,False,other_computing,not_relevant,SOC_MAPPING,STRONG_EXCLUSION_PATTERN,soc_mapping:6,nontechnical_management_analysis,NOT_REQUIRED,NOT_REQUIRED,TECHNICAL:other_computing -> NOT_RELEVANT:not_relevant
dol_lca,Associate ,15-1299.09,2,role_taxonomy_v1,role_taxonomy_v2,True,False,other_computing,not_relevant,SOC_MAPPING,STRONG_EXCLUSION_PATTERN,soc_mapping:6,nontechnical_management_analysis,NOT_REQUIRED,NOT_REQUIRED,TECHNICAL:other_computing -> NOT_RELEVANT:not_relevant
dol_lca,Consultant,15-1199.08,2,role_taxonomy_v1,role_taxonomy_v2,True,False,other_computing,not_relevant,SOC_MAPPING,STRONG_EXCLUSION_PATTERN,soc_mapping:6,nontechnical_management_analysis,NOT_REQUIRED,NOT_REQUIRED,TECHNICAL:other_computing -> NOT_RELEVANT:not_relevant
dol_lca,Director,15-1299.00,2,role_taxonomy_v1,role_taxonomy_v2,True,False,other_computing,not_relevant,SOC_MAPPING,STRONG_EXCLUSION_PATTERN,soc_mapping:6,nontechnical_management_analysis,NOT_REQUIRED,NOT_REQUIRED,TECHNICAL:other_computing -> NOT_RELEVANT:not_relevant
dol_lca,Help Desk Supervisor,15-1299.09,2,role_taxonomy_v1,role_taxonomy_v2,True,False,other_computing,not_relevant,SOC_MAPPING,STRONG_EXCLUSION_PATTERN,soc_mapping:6,low_level_it_support,NOT_REQUIRED,NOT_REQUIRED,TECHNICAL:other_computing -> NOT_RELEVANT:not_relevant
dol_lca,Manager ,15-1299.09,2,role_taxonomy_v1,role_taxonomy_v2,True,False,other_computing,not_relevant,SOC_MAPPING,STRONG_EXCLUSION_PATTERN,soc_mapping:6,nontechnical_management_analysis,NOT_REQUIRED,NOT_REQUIRED,TECHNICAL:other_computing -> NOT_RELEVANT:not_relevant
dol_lca,PRODUCT MANAGER ,15-1299.09,2,role_taxonomy_v1,role_taxonomy_v2,True,False,other_computing,not_relevant,SOC_MAPPING,STRONG_EXCLUSION_PATTERN,soc_mapping:6,nontechnical_management_analysis,NOT_REQUIRED,NOT_REQUIRED,TECHNICAL:other_computing -> NOT_RELEVANT:not_relevant
dol_lca,PROJECT MANAGER	,15-1299.09,2,role_taxonomy_v1,role_taxonomy_v2,True,False,other_computing,not_relevant,SOC_MAPPING,STRONG_EXCLUSION_PATTERN,soc_mapping:6,nontechnical_management_analysis,NOT_REQUIRED,NOT_REQUIRED,TECHNICAL:other_computing -> NOT_RELEVANT:not_relevant
dol_lca,Product Manager,15-1299.02,2,role_taxonomy_v1,role_taxonomy_v2,True,False,other_computing,not_relevant,SOC_MAPPING,STRONG_EXCLUSION_PATTERN,soc_mapping:6,nontechnical_management_analysis,NOT_REQUIRED,NOT_REQUIRED,TECHNICAL:other_computing -> NOT_RELEVANT:not_relevant
dol_lca,Product Manager - Recruiting Systems,15-1299.09,2,role_taxonomy_v1,role_taxonomy_v2,True,False,other_computing,not_relevant,SOC_MAPPING,STRONG_EXCLUSION_PATTERN,soc_mapping:6,sales_recruiting,NOT_REQUIRED,NOT_REQUIRED,TECHNICAL:other_computing -> NOT_RELEVANT:not_relevant
dol_lca,Project Manager,15-1199.01,2,role_taxonomy_v1,role_taxonomy_v2,True,False,other_computing,not_relevant,SOC_MAPPING,STRONG_EXCLUSION_PATTERN,soc_mapping:6,nontechnical_management_analysis,NOT_REQUIRED,NOT_REQUIRED,TECHNICAL:other_computing -> NOT_RELEVANT:not_relevant
dol_lca,Project Manager,15-1199.02,2,role_taxonomy_v1,role_taxonomy_v2,True,False,other_computing,not_relevant,SOC_MAPPING,STRONG_EXCLUSION_PATTERN,soc_mapping:6,nontechnical_management_analysis,NOT_REQUIRED,NOT_REQUIRED,TECHNICAL:other_computing -> NOT_RELEVANT:not_relevant
dol_lca,Project Manager ,15-1299.08,2,role_taxonomy_v1,role_taxonomy_v2,True,False,other_computing,not_relevant,SOC_MAPPING,STRONG_EXCLUSION_PATTERN,soc_mapping:6,nontechnical_management_analysis,NOT_REQUIRED,NOT_REQUIRED,TECHNICAL:other_computing -> NOT_RELEVANT:not_relevant
dol_lca,Sales Engineer,15-1299.08,2,role_taxonomy_v1,role_taxonomy_v2,True,False,other_computing,not_relevant,SOC_MAPPING,STRONG_EXCLUSION_PATTERN,soc_mapping:6,sales_recruiting,NOT_REQUIRED,NOT_REQUIRED,TECHNICAL:other_computing -> NOT_RELEVANT:not_relevant
dol_lca,Senior Manager - Help Desk,15-1299.09,2,role_taxonomy_v1,role_taxonomy_v2,True,False,other_computing,not_relevant,SOC_MAPPING,STRONG_EXCLUSION_PATTERN,soc_mapping:6,low_level_it_support,NOT_REQUIRED,NOT_REQUIRED,TECHNICAL:other_computing -> NOT_RELEVANT:not_relevant
dol_lca,Senior Technical Recruiter,15-1299.00,2,role_taxonomy_v1,role_taxonomy_v2,True,False,other_computing,not_relevant,SOC_MAPPING,STRONG_EXCLUSION_PATTERN,soc_mapping:6,sales_recruiting,NOT_REQUIRED,NOT_REQUIRED,TECHNICAL:other_computing -> NOT_RELEVANT:not_relevant
dol_perm, Consultant,15-1252.00,2,role_taxonomy_v1,role_taxonomy_v2,True,False,software_engineering,not_relevant,SOC_MAPPING,STRONG_EXCLUSION_PATTERN,soc_mapping:0,nontechnical_management_analysis,NOT_REQUIRED,NOT_REQUIRED,TECHNICAL:software_engineering -> NOT_RELEVANT:not_relevant
dol_perm, Consultant ,15-1253.00,2,role_taxonomy_v1,role_taxonomy_v2,True,False,software_engineering,not_relevant,SOC_MAPPING,STRONG_EXCLUSION_PATTERN,soc_mapping:0,nontechnical_management_analysis,NOT_REQUIRED,NOT_REQUIRED,TECHNICAL:software_engineering -> NOT_RELEVANT:not_relevant
dol_perm, Product Manager,15-1252.00,2,role_taxonomy_v1,role_taxonomy_v2,True,False,software_engineering,not_relevant,SOC_MAPPING,STRONG_EXCLUSION_PATTERN,soc_mapping:0,nontechnical_management_analysis,NOT_REQUIRED,NOT_REQUIRED,TECHNICAL:software_engineering -> NOT_RELEVANT:not_relevant
dol_lca,Associate,15-1133.00,2,role_taxonomy_v1,role_taxonomy_v2,True,False,software_engineering,not_relevant,SOC_MAPPING,STRONG_EXCLUSION_PATTERN,soc_mapping:0,nontechnical_management_analysis,NOT_REQUIRED,NOT_REQUIRED,TECHNICAL:software_engineering -> NOT_RELEVANT:not_relevant
dol_lca,BUSINESS ANALYST,15-1252,2,role_taxonomy_v1,role_taxonomy_v2,True,False,software_engineering,not_relevant,SOC_MAPPING,STRONG_EXCLUSION_PATTERN,soc_mapping:0,nontechnical_management_analysis,NOT_REQUIRED,NOT_REQUIRED,TECHNICAL:software_engineering -> NOT_RELEVANT:not_relevant
dol_lca,Business Analyst ,15-1253.00,2,role_taxonomy_v1,role_taxonomy_v2,True,False,software_engineering,not_relevant,SOC_MAPPING,STRONG_EXCLUSION_PATTERN,soc_mapping:0,nontechnical_management_analysis,NOT_REQUIRED,NOT_REQUIRED,TECHNICAL:software_engineering -> NOT_RELEVANT:not_relevant
dol_lca,Consultant,15-1133.00,2,role_taxonomy_v1,role_taxonomy_v2,True,False,software_engineering,not_relevant,SOC_MAPPING,STRONG_EXCLUSION_PATTERN,soc_mapping:0,nontechnical_management_analysis,NOT_REQUIRED,NOT_REQUIRED,TECHNICAL:software_engineering -> NOT_RELEVANT:not_relevant
dol_lca,Director,15-1252,2,role_taxonomy_v1,role_taxonomy_v2,True,False,software_engineering,not_relevant,SOC_MAPPING,STRONG_EXCLUSION_PATTERN,soc_mapping:0,nontechnical_management_analysis,NOT_REQUIRED,NOT_REQUIRED,TECHNICAL:software_engineering -> NOT_RELEVANT:not_relevant
dol_lca,MANAGER,15-1252.00,2,role_taxonomy_v1,role_taxonomy_v2,True,False,software_engineering,not_relevant,SOC_MAPPING,STRONG_EXCLUSION_PATTERN,soc_mapping:0,nontechnical_management_analysis,NOT_REQUIRED,NOT_REQUIRED,TECHNICAL:software_engineering -> NOT_RELEVANT:not_relevant
dol_perm,Manager,15-1133,2,role_taxonomy_v1,role_taxonomy_v2,True,False,software_engineering,not_relevant,SOC_MAPPING,STRONG_EXCLUSION_PATTERN,soc_mapping:0,nontechnical_management_analysis,NOT_REQUIRED,NOT_REQUIRED,TECHNICAL:software_engineering -> NOT_RELEVANT:not_relevant
dol_lca,Product Manager,15-1133.00,2,role_taxonomy_v1,role_taxonomy_v2,True,False,software_engineering,not_relevant,SOC_MAPPING,STRONG_EXCLUSION_PATTERN,soc_mapping:0,nontechnical_management_analysis,NOT_REQUIRED,NOT_REQUIRED,TECHNICAL:software_engineering -> NOT_RELEVANT:not_relevant
dol_perm,Project Manager,15-1132,2,role_taxonomy_v1,role_taxonomy_v2,True,False,software_engineering,not_relevant,SOC_MAPPING,STRONG_EXCLUSION_PATTERN,soc_mapping:0,nontechnical_management_analysis,NOT_REQUIRED,NOT_REQUIRED,TECHNICAL:software_engineering -> NOT_RELEVANT:not_relevant
dol_lca,Project Manager,15-1251.00,2,role_taxonomy_v1,role_taxonomy_v2,True,False,software_engineering,not_relevant,SOC_MAPPING,STRONG_EXCLUSION_PATTERN,soc_mapping:0,nontechnical_management_analysis,NOT_REQUIRED,NOT_REQUIRED,TECHNICAL:software_engineering -> NOT_RELEVANT:not_relevant
dol_lca,SCCM / Desktop Support Engineer,15-1252.00,2,role_taxonomy_v1,role_taxonomy_v2,True,False,software_engineering,not_relevant,SOC_MAPPING,STRONG_EXCLUSION_PATTERN,soc_mapping:0,low_level_it_support,NOT_REQUIRED,NOT_REQUIRED,TECHNICAL:software_engineering -> NOT_RELEVANT:not_relevant
dol_lca,Biomedical Software Developer,15-1252.00,2,role_taxonomy_v1,role_taxonomy_v2,True,True,software_engineering,software_engineering,SOC_MAPPING,STRONG_TITLE_PATTERN,soc_mapping:0,software_engineering,NOT_REQUIRED,NOT_REQUIRED,TECHNICAL:software_engineering -> TECHNICAL:software_engineering
dol_perm, Business Analyst,15-1211.00,2,role_taxonomy_v1,role_taxonomy_v2,True,False,systems_infrastructure,not_relevant,SOC_MAPPING,STRONG_EXCLUSION_PATTERN,soc_mapping:2,nontechnical_management_analysis,NOT_REQUIRED,NOT_REQUIRED,TECHNICAL:systems_infrastructure -> NOT_RELEVANT:not_relevant
dol_perm,Associate,15-1141,2,role_taxonomy_v1,role_taxonomy_v2,True,False,systems_infrastructure,not_relevant,SOC_MAPPING,STRONG_EXCLUSION_PATTERN,soc_mapping:2,nontechnical_management_analysis,NOT_REQUIRED,NOT_REQUIRED,TECHNICAL:systems_infrastructure -> NOT_RELEVANT:not_relevant
dol_lca,Associate,15-1141.00,2,role_taxonomy_v1,role_taxonomy_v2,True,False,systems_infrastructure,not_relevant,SOC_MAPPING,STRONG_EXCLUSION_PATTERN,soc_mapping:2,nontechnical_management_analysis,NOT_REQUIRED,NOT_REQUIRED,TECHNICAL:systems_infrastructure -> NOT_RELEVANT:not_relevant
dol_lca,Associate,15-1244,2,role_taxonomy_v1,role_taxonomy_v2,True,False,systems_infrastructure,not_relevant,SOC_MAPPING,STRONG_EXCLUSION_PATTERN,soc_mapping:2,nontechnical_management_analysis,NOT_REQUIRED,NOT_REQUIRED,TECHNICAL:systems_infrastructure -> NOT_RELEVANT:not_relevant
dol_perm,Associate ,15-1211.00,2,role_taxonomy_v1,role_taxonomy_v2,True,False,systems_infrastructure,not_relevant,SOC_MAPPING,STRONG_EXCLUSION_PATTERN,soc_mapping:2,nontechnical_management_analysis,NOT_REQUIRED,NOT_REQUIRED,TECHNICAL:systems_infrastructure -> NOT_RELEVANT:not_relevant
dol_lca,BUSINESS ANALYST ,15-1211.00,2,role_taxonomy_v1,role_taxonomy_v2,True,False,systems_infrastructure,not_relevant,SOC_MAPPING,STRONG_EXCLUSION_PATTERN,soc_mapping:2,nontechnical_management_analysis,NOT_REQUIRED,NOT_REQUIRED,TECHNICAL:systems_infrastructure -> NOT_RELEVANT:not_relevant
dol_perm,Business Analyst,15-1141,2,role_taxonomy_v1,role_taxonomy_v2,True,False,systems_infrastructure,not_relevant,SOC_MAPPING,STRONG_EXCLUSION_PATTERN,soc_mapping:2,nontechnical_management_analysis,NOT_REQUIRED,NOT_REQUIRED,TECHNICAL:systems_infrastructure -> NOT_RELEVANT:not_relevant
dol_lca,CONSULTANT,15-1211.00,2,role_taxonomy_v1,role_taxonomy_v2,True,False,systems_infrastructure,not_relevant,SOC_MAPPING,STRONG_EXCLUSION_PATTERN,soc_mapping:2,nontechnical_management_analysis,NOT_REQUIRED,NOT_REQUIRED,TECHNICAL:systems_infrastructure -> NOT_RELEVANT:not_relevant
dol_perm,Consultant,15-1212.00,2,role_taxonomy_v1,role_taxonomy_v2,True,False,systems_infrastructure,not_relevant,SOC_MAPPING,STRONG_EXCLUSION_PATTERN,soc_mapping:2,nontechnical_management_analysis,NOT_REQUIRED,NOT_REQUIRED,TECHNICAL:systems_infrastructure -> NOT_RELEVANT:not_relevant
dol_lca,Consultant,15-1244.00,2,role_taxonomy_v1,role_taxonomy_v2,True,False,systems_infrastructure,not_relevant,SOC_MAPPING,STRONG_EXCLUSION_PATTERN,soc_mapping:2,nontechnical_management_analysis,NOT_REQUIRED,NOT_REQUIRED,TECHNICAL:systems_infrastructure -> NOT_RELEVANT:not_relevant
dol_lca,Consultant ,15-1211.00,2,role_taxonomy_v1,role_taxonomy_v2,True,False,systems_infrastructure,not_relevant,SOC_MAPPING,STRONG_EXCLUSION_PATTERN,soc_mapping:2,nontechnical_management_analysis,NOT_REQUIRED,NOT_REQUIRED,TECHNICAL:systems_infrastructure -> NOT_RELEVANT:not_relevant
dol_lca,Director,15-1244.00,2,role_taxonomy_v1,role_taxonomy_v2,True,False,systems_infrastructure,not_relevant,SOC_MAPPING,STRONG_EXCLUSION_PATTERN,soc_mapping:2,nontechnical_management_analysis,NOT_REQUIRED,NOT_REQUIRED,TECHNICAL:systems_infrastructure -> NOT_RELEVANT:not_relevant
dol_lca,Infrastructure Consultant 3 - Network and Desktop Support,15-1244.00,2,role_taxonomy_v1,role_taxonomy_v2,True,False,systems_infrastructure,not_relevant,SOC_MAPPING,STRONG_EXCLUSION_PATTERN,soc_mapping:2,low_level_it_support,NOT_REQUIRED,NOT_REQUIRED,TECHNICAL:systems_infrastructure -> NOT_RELEVANT:not_relevant
dol_perm,Manager,15-1212.00,2,role_taxonomy_v1,role_taxonomy_v2,True,False,systems_infrastructure,not_relevant,SOC_MAPPING,STRONG_EXCLUSION_PATTERN,soc_mapping:2,nontechnical_management_analysis,NOT_REQUIRED,NOT_REQUIRED,TECHNICAL:systems_infrastructure -> NOT_RELEVANT:not_relevant
dol_lca,Manager ,15-1212.00,2,role_taxonomy_v1,role_taxonomy_v2,True,False,systems_infrastructure,not_relevant,SOC_MAPPING,STRONG_EXCLUSION_PATTERN,soc_mapping:2,nontechnical_management_analysis,NOT_REQUIRED,NOT_REQUIRED,TECHNICAL:systems_infrastructure -> NOT_RELEVANT:not_relevant
dol_perm,Product Manager,15-1244.00,2,role_taxonomy_v1,role_taxonomy_v2,True,False,systems_infrastructure,not_relevant,SOC_MAPPING,STRONG_EXCLUSION_PATTERN,soc_mapping:2,nontechnical_management_analysis,NOT_REQUIRED,NOT_REQUIRED,TECHNICAL:systems_infrastructure -> NOT_RELEVANT:not_relevant
dol_perm,Product Manager ,15-1211.00,2,role_taxonomy_v1,role_taxonomy_v2,True,False,systems_infrastructure,not_relevant,SOC_MAPPING,STRONG_EXCLUSION_PATTERN,soc_mapping:2,nontechnical_management_analysis,NOT_REQUIRED,NOT_REQUIRED,TECHNICAL:systems_infrastructure -> NOT_RELEVANT:not_relevant
dol_lca,Project Manager,15-1212.00,2,role_taxonomy_v1,role_taxonomy_v2,True,False,systems_infrastructure,not_relevant,SOC_MAPPING,STRONG_EXCLUSION_PATTERN,soc_mapping:2,nontechnical_management_analysis,NOT_REQUIRED,NOT_REQUIRED,TECHNICAL:systems_infrastructure -> NOT_RELEVANT:not_relevant
dol_perm,Sales Engineer,15-1121,2,role_taxonomy_v1,role_taxonomy_v2,True,False,systems_infrastructure,not_relevant,SOC_MAPPING,STRONG_EXCLUSION_PATTERN,soc_mapping:2,sales_recruiting,NOT_REQUIRED,NOT_REQUIRED,TECHNICAL:systems_infrastructure -> NOT_RELEVANT:not_relevant
dol_lca,Director,11-3021,2,role_taxonomy_v1,role_taxonomy_v2,True,False,technical_management_related,not_relevant,SOC_MAPPING,STRONG_EXCLUSION_PATTERN,soc_mapping:5,nontechnical_management_analysis,NOT_REQUIRED,NOT_REQUIRED,TECHNICAL:technical_management_related -> NOT_RELEVANT:not_relevant
dol_lca,Director ,11-3021.00,2,role_taxonomy_v1,role_taxonomy_v2,True,False,technical_management_related,not_relevant,SOC_MAPPING,STRONG_EXCLUSION_PATTERN,soc_mapping:5,nontechnical_management_analysis,NOT_REQUIRED,NOT_REQUIRED,TECHNICAL:technical_management_related -> NOT_RELEVANT:not_relevant
dol_perm,Project Manager ,11-3021.00,2,role_taxonomy_v1,role_taxonomy_v2,True,False,technical_management_related,not_relevant,SOC_MAPPING,STRONG_EXCLUSION_PATTERN,soc_mapping:5,nontechnical_management_analysis,NOT_REQUIRED,NOT_REQUIRED,TECHNICAL:technical_management_related -> NOT_RELEVANT:not_relevant
dol_lca,Pre-Sales Engineering Manager,11-3021.00,2,role_taxonomy_v1,role_taxonomy_v2,True,True,technical_management_related,technical_management_related,SOC_MAPPING,STRONG_TITLE_PATTERN,soc_mapping:5,technical_management,NOT_REQUIRED,NOT_REQUIRED,TECHNICAL:technical_management_related -> TECHNICAL:technical_management_related
dol_perm,ASSISTANT DIRECTOR OF INTERNATIONAL RECRUITMENT,27-3031,1,role_taxonomy_v1,role_taxonomy_v2,False,False,not_relevant,not_relevant,DEFAULT_NOT_RELEVANT,STRONG_EXCLUSION_PATTERN,no_technical_evidence,sales_recruiting,NOT_REQUIRED,NOT_REQUIRED,NOT_RELEVANT:not_relevant -> NOT_RELEVANT:not_relevant
dol_perm,AVP - Dynamics 365 Sales and Marketing Permanent Recruitment ***,11-1021,1,role_taxonomy_v1,role_taxonomy_v2,False,False,not_relevant,not_relevant,DEFAULT_NOT_RELEVANT,STRONG_EXCLUSION_PATTERN,no_technical_evidence,sales_recruiting,NOT_REQUIRED,NOT_REQUIRED,NOT_RELEVANT:not_relevant -> NOT_RELEVANT:not_relevant
dol_perm,"AVP - ServiceNow Partners, Permanent Recruitment (U.S.A.) ****",11-1021,1,role_taxonomy_v1,role_taxonomy_v2,False,False,not_relevant,not_relevant,DEFAULT_NOT_RELEVANT,STRONG_EXCLUSION_PATTERN,no_technical_evidence,sales_recruiting,NOT_REQUIRED,NOT_REQUIRED,NOT_RELEVANT:not_relevant -> NOT_RELEVANT:not_relevant
dol_perm,AVP – Netsuite & Salaried Professionals Contract Recruitment (USA),11-1021,1,role_taxonomy_v1,role_taxonomy_v2,False,False,not_relevant,not_relevant,DEFAULT_NOT_RELEVANT,STRONG_EXCLUSION_PATTERN,no_technical_evidence,sales_recruiting,NOT_REQUIRED,NOT_REQUIRED,NOT_RELEVANT:not_relevant -> NOT_RELEVANT:not_relevant
dol_perm,AVP–Microsoft Azure Permanent & Contract Recruitment/Central Region,11-1021,1,role_taxonomy_v1,role_taxonomy_v2,False,False,not_relevant,not_relevant,DEFAULT_NOT_RELEVANT,STRONG_EXCLUSION_PATTERN,no_technical_evidence,sales_recruiting,NOT_REQUIRED,NOT_REQUIRED,NOT_RELEVANT:not_relevant -> NOT_RELEVANT:not_relevant
dol_perm,"Analyst, Global Product and Software Engineering Recruiting",13-1111,1,role_taxonomy_v1,role_taxonomy_v2,False,False,not_relevant,not_relevant,DEFAULT_NOT_RELEVANT,STRONG_EXCLUSION_PATTERN,no_technical_evidence,sales_recruiting,NOT_REQUIRED,NOT_REQUIRED,NOT_RELEVANT:not_relevant -> NOT_RELEVANT:not_relevant
dol_lca,Assistant Director of International Recruitment,21-1012.00,1,role_taxonomy_v1,role_taxonomy_v2,False,False,not_relevant,not_relevant,DEFAULT_NOT_RELEVANT,STRONG_EXCLUSION_PATTERN,no_technical_evidence,sales_recruiting,NOT_REQUIRED,NOT_REQUIRED,NOT_RELEVANT:not_relevant -> NOT_RELEVANT:not_relevant
dol_lca,Assistant Director of International Recruitment ,27-3031.00,1,role_taxonomy_v1,role_taxonomy_v2,False,False,not_relevant,not_relevant,DEFAULT_NOT_RELEVANT,STRONG_EXCLUSION_PATTERN,no_technical_evidence,sales_recruiting,NOT_REQUIRED,NOT_REQUIRED,NOT_RELEVANT:not_relevant -> NOT_RELEVANT:not_relevant
dol_lca,"Assistant Director, Global Recruitment",13-1071.00,1,role_taxonomy_v1,role_taxonomy_v2,False,False,not_relevant,not_relevant,DEFAULT_NOT_RELEVANT,STRONG_EXCLUSION_PATTERN,no_technical_evidence,sales_recruiting,NOT_REQUIRED,NOT_REQUIRED,NOT_RELEVANT:not_relevant -> NOT_RELEVANT:not_relevant
dol_lca,"Assistant Director, Graduate Recruitment",11-9033.00,1,role_taxonomy_v1,role_taxonomy_v2,False,False,not_relevant,not_relevant,DEFAULT_NOT_RELEVANT,STRONG_EXCLUSION_PATTERN,no_technical_evidence,sales_recruiting,NOT_REQUIRED,NOT_REQUIRED,NOT_RELEVANT:not_relevant -> NOT_RELEVANT:not_relevant
dol_perm,"Assistant Director, International Admissions and Recruitment",21-1012,1,role_taxonomy_v1,role_taxonomy_v2,False,False,not_relevant,not_relevant,DEFAULT_NOT_RELEVANT,STRONG_EXCLUSION_PATTERN,no_technical_evidence,sales_recruiting,NOT_REQUIRED,NOT_REQUIRED,NOT_RELEVANT:not_relevant -> NOT_RELEVANT:not_relevant
dol_lca,"Assistant Tennis Coach, Business Admin and Recruiting Coord",27-2022.00,1,role_taxonomy_v1,role_taxonomy_v2,False,False,not_relevant,not_relevant,DEFAULT_NOT_RELEVANT,STRONG_EXCLUSION_PATTERN,no_technical_evidence,sales_recruiting,NOT_REQUIRED,NOT_REQUIRED,NOT_RELEVANT:not_relevant -> NOT_RELEVANT:not_relevant
dol_perm,Assoc. Dir. of Admission and Advisor for Int'l Recruitment,21-1012,1,role_taxonomy_v1,role_taxonomy_v2,False,False,not_relevant,not_relevant,DEFAULT_NOT_RELEVANT,STRONG_EXCLUSION_PATTERN,no_technical_evidence,sales_recruiting,NOT_REQUIRED,NOT_REQUIRED,NOT_RELEVANT:not_relevant -> NOT_RELEVANT:not_relevant
dol_lca,Associate Director of Admission & Multicultural Recruitment,11-9032.00,1,role_taxonomy_v1,role_taxonomy_v2,False,False,not_relevant,not_relevant,DEFAULT_NOT_RELEVANT,STRONG_EXCLUSION_PATTERN,no_technical_evidence,sales_recruiting,NOT_REQUIRED,NOT_REQUIRED,NOT_RELEVANT:not_relevant -> NOT_RELEVANT:not_relevant
dol_lca,Associate Director of Recruitment,11-9033.00,1,role_taxonomy_v1,role_taxonomy_v2,False,False,not_relevant,not_relevant,DEFAULT_NOT_RELEVANT,STRONG_EXCLUSION_PATTERN,no_technical_evidence,sales_recruiting,NOT_REQUIRED,NOT_REQUIRED,NOT_RELEVANT:not_relevant -> NOT_RELEVANT:not_relevant
dol_lca,Associate Director – Recruitment,13-1071.00,1,role_taxonomy_v1,role_taxonomy_v2,False,False,not_relevant,not_relevant,DEFAULT_NOT_RELEVANT,STRONG_EXCLUSION_PATTERN,no_technical_evidence,sales_recruiting,NOT_REQUIRED,NOT_REQUIRED,NOT_RELEVANT:not_relevant -> NOT_RELEVANT:not_relevant
dol_perm,"Associate Manager, Recruiting",11-3121,1,role_taxonomy_v1,role_taxonomy_v2,False,False,not_relevant,not_relevant,DEFAULT_NOT_RELEVANT,STRONG_EXCLUSION_PATTERN,no_technical_evidence,sales_recruiting,NOT_REQUIRED,NOT_REQUIRED,NOT_RELEVANT:not_relevant -> NOT_RELEVANT:not_relevant
dol_lca,Associate Partner - Recruiting North America,13-1071.00,1,role_taxonomy_v1,role_taxonomy_v2,False,False,not_relevant,not_relevant,DEFAULT_NOT_RELEVANT,STRONG_EXCLUSION_PATTERN,no_technical_evidence,sales_recruiting,NOT_REQUIRED,NOT_REQUIRED,NOT_RELEVANT:not_relevant -> NOT_RELEVANT:not_relevant
dol_lca,"Asst. Dean of Admissions, Int'l & Multicultural Recruitment",21-1012.00,1,role_taxonomy_v1,role_taxonomy_v2,False,False,not_relevant,not_relevant,DEFAULT_NOT_RELEVANT,STRONG_EXCLUSION_PATTERN,no_technical_evidence,sales_recruiting,NOT_REQUIRED,NOT_REQUIRED,NOT_RELEVANT:not_relevant -> NOT_RELEVANT:not_relevant
dol_lca,Asst. Dir. of Admissions and Latinx Recruitment Coordinator,21-1012.00,1,role_taxonomy_v1,role_taxonomy_v2,False,False,not_relevant,not_relevant,DEFAULT_NOT_RELEVANT,STRONG_EXCLUSION_PATTERN,no_technical_evidence,sales_recruiting,NOT_REQUIRED,NOT_REQUIRED,NOT_RELEVANT:not_relevant -> NOT_RELEVANT:not_relevant
dol_lca,Coordinator of International Outreach and Recruitment,21-1012.00,1,role_taxonomy_v1,role_taxonomy_v2,False,False,not_relevant,not_relevant,DEFAULT_NOT_RELEVANT,STRONG_EXCLUSION_PATTERN,no_technical_evidence,sales_recruiting,NOT_REQUIRED,NOT_REQUIRED,NOT_RELEVANT:not_relevant -> NOT_RELEVANT:not_relevant
dol_lca,Deputy Director of Recruitment,11-9033.00,1,role_taxonomy_v1,role_taxonomy_v2,False,False,not_relevant,not_relevant,DEFAULT_NOT_RELEVANT,STRONG_EXCLUSION_PATTERN,no_technical_evidence,sales_recruiting,NOT_REQUIRED,NOT_REQUIRED,NOT_RELEVANT:not_relevant -> NOT_RELEVANT:not_relevant
dol_lca,"Director HR, Recruiting- KBGFJG104205-3",11-3121.00,1,role_taxonomy_v1,role_taxonomy_v2,False,False,not_relevant,not_relevant,DEFAULT_NOT_RELEVANT,STRONG_EXCLUSION_PATTERN,no_technical_evidence,sales_recruiting,NOT_REQUIRED,NOT_REQUIRED,NOT_RELEVANT:not_relevant -> NOT_RELEVANT:not_relevant
dol_perm,Director International Scouting and Recruiting,27-2022,1,role_taxonomy_v1,role_taxonomy_v2,False,False,not_relevant,not_relevant,DEFAULT_NOT_RELEVANT,STRONG_EXCLUSION_PATTERN,no_technical_evidence,sales_recruiting,NOT_REQUIRED,NOT_REQUIRED,NOT_RELEVANT:not_relevant -> NOT_RELEVANT:not_relevant
dol_lca,Director of Delivery & Recruiting – IT Consulting,13-1071.00,1,role_taxonomy_v1,role_taxonomy_v2,False,False,not_relevant,not_relevant,DEFAULT_NOT_RELEVANT,STRONG_EXCLUSION_PATTERN,no_technical_evidence,sales_recruiting,NOT_REQUIRED,NOT_REQUIRED,NOT_RELEVANT:not_relevant -> NOT_RELEVANT:not_relevant
dol_perm,Director of International Soccer Recruitment,27-2022,1,role_taxonomy_v1,role_taxonomy_v2,False,False,not_relevant,not_relevant,DEFAULT_NOT_RELEVANT,STRONG_EXCLUSION_PATTERN,no_technical_evidence,sales_recruiting,NOT_REQUIRED,NOT_REQUIRED,NOT_RELEVANT:not_relevant -> NOT_RELEVANT:not_relevant
dol_lca,Director of Programs and Recruitment,11-9179.01,1,role_taxonomy_v1,role_taxonomy_v2,False,False,not_relevant,not_relevant,DEFAULT_NOT_RELEVANT,STRONG_EXCLUSION_PATTERN,no_technical_evidence,sales_recruiting,NOT_REQUIRED,NOT_REQUIRED,NOT_RELEVANT:not_relevant -> NOT_RELEVANT:not_relevant
dol_lca,Director of Technology Recruitment,11-3121.00,1,role_taxonomy_v1,role_taxonomy_v2,False,False,not_relevant,not_relevant,DEFAULT_NOT_RELEVANT,STRONG_EXCLUSION_PATTERN,no_technical_evidence,sales_recruiting,NOT_REQUIRED,NOT_REQUIRED,NOT_RELEVANT:not_relevant -> NOT_RELEVANT:not_relevant
dol_lca,Director – Recruitment,13-1071.00,1,role_taxonomy_v1,role_taxonomy_v2,False,False,not_relevant,not_relevant,DEFAULT_NOT_RELEVANT,STRONG_EXCLUSION_PATTERN,no_technical_evidence,sales_recruiting,NOT_REQUIRED,NOT_REQUIRED,NOT_RELEVANT:not_relevant -> NOT_RELEVANT:not_relevant
dol_lca,"Director, Employee Recruiting",11-3121.00,1,role_taxonomy_v1,role_taxonomy_v2,False,False,not_relevant,not_relevant,DEFAULT_NOT_RELEVANT,STRONG_EXCLUSION_PATTERN,no_technical_evidence,sales_recruiting,NOT_REQUIRED,NOT_REQUIRED,NOT_RELEVANT:not_relevant -> NOT_RELEVANT:not_relevant
dol_perm,"Director, Employee Recruiting",11-3121.00,1,role_taxonomy_v1,role_taxonomy_v2,False,False,not_relevant,not_relevant,DEFAULT_NOT_RELEVANT,STRONG_EXCLUSION_PATTERN,no_technical_evidence,sales_recruiting,NOT_REQUIRED,NOT_REQUIRED,NOT_RELEVANT:not_relevant -> NOT_RELEVANT:not_relevant
dol_lca,"Director, Executive Recruiting",11-3121.00,1,role_taxonomy_v1,role_taxonomy_v2,False,False,not_relevant,not_relevant,DEFAULT_NOT_RELEVANT,STRONG_EXCLUSION_PATTERN,no_technical_evidence,sales_recruiting,NOT_REQUIRED,NOT_REQUIRED,NOT_RELEVANT:not_relevant -> NOT_RELEVANT:not_relevant
dol_perm,"Director, Head of Executive Recruitment Research",11-3121,1,role_taxonomy_v1,role_taxonomy_v2,False,False,not_relevant,not_relevant,DEFAULT_NOT_RELEVANT,STRONG_EXCLUSION_PATTERN,no_technical_evidence,sales_recruiting,NOT_REQUIRED,NOT_REQUIRED,NOT_RELEVANT:not_relevant -> NOT_RELEVANT:not_relevant
dol_lca,"Director, Recruiting",13-1071.00,1,role_taxonomy_v1,role_taxonomy_v2,False,False,not_relevant,not_relevant,DEFAULT_NOT_RELEVANT,STRONG_EXCLUSION_PATTERN,no_technical_evidence,sales_recruiting,NOT_REQUIRED,NOT_REQUIRED,NOT_RELEVANT:not_relevant -> NOT_RELEVANT:not_relevant
dol_lca,"Director, Recruiting and Operations Leader",11-3121.00,1,role_taxonomy_v1,role_taxonomy_v2,False,False,not_relevant,not_relevant,DEFAULT_NOT_RELEVANT,STRONG_EXCLUSION_PATTERN,no_technical_evidence,sales_recruiting,NOT_REQUIRED,NOT_REQUIRED,NOT_RELEVANT:not_relevant -> NOT_RELEVANT:not_relevant
dol_perm,"Director, Recruitment",11-3121,1,role_taxonomy_v1,role_taxonomy_v2,False,False,not_relevant,not_relevant,DEFAULT_NOT_RELEVANT,STRONG_EXCLUSION_PATTERN,no_technical_evidence,sales_recruiting,NOT_REQUIRED,NOT_REQUIRED,NOT_RELEVANT:not_relevant -> NOT_RELEVANT:not_relevant
dol_perm,"Director, Recruitment (New Partnerships)",11-2031,1,role_taxonomy_v1,role_taxonomy_v2,False,False,not_relevant,not_relevant,DEFAULT_NOT_RELEVANT,STRONG_EXCLUSION_PATTERN,no_technical_evidence,sales_recruiting,NOT_REQUIRED,NOT_REQUIRED,NOT_RELEVANT:not_relevant -> NOT_RELEVANT:not_relevant
dol_perm,"Director, Strategic Research & Recruitment",11-1021.00,1,role_taxonomy_v1,role_taxonomy_v2,False,False,not_relevant,not_relevant,DEFAULT_NOT_RELEVANT,STRONG_EXCLUSION_PATTERN,no_technical_evidence,sales_recruiting,NOT_REQUIRED,NOT_REQUIRED,NOT_RELEVANT:not_relevant -> NOT_RELEVANT:not_relevant
dol_lca,Founding Recruiting Manager,11-3121.00,1,role_taxonomy_v1,role_taxonomy_v2,False,False,not_relevant,not_relevant,DEFAULT_NOT_RELEVANT,STRONG_EXCLUSION_PATTERN,no_technical_evidence,sales_recruiting,NOT_REQUIRED,NOT_REQUIRED,NOT_RELEVANT:not_relevant -> NOT_RELEVANT:not_relevant
dol_lca,"Functional Ops Business Analytics Partner, Tech Recruiting",13-1111.00,1,role_taxonomy_v1,role_taxonomy_v2,False,False,not_relevant,not_relevant,DEFAULT_NOT_RELEVANT,STRONG_EXCLUSION_PATTERN,no_technical_evidence,sales_recruiting,NOT_REQUIRED,NOT_REQUIRED,NOT_RELEVANT:not_relevant -> NOT_RELEVANT:not_relevant
dol_lca,Global Legal Recruitment Specialist,13-1071.00,1,role_taxonomy_v1,role_taxonomy_v2,False,False,not_relevant,not_relevant,DEFAULT_NOT_RELEVANT,STRONG_EXCLUSION_PATTERN,no_technical_evidence,sales_recruiting,NOT_REQUIRED,NOT_REQUIRED,NOT_RELEVANT:not_relevant -> NOT_RELEVANT:not_relevant
dol_perm,Global Recruiting Associate,13-1071.00,1,role_taxonomy_v1,role_taxonomy_v2,False,False,not_relevant,not_relevant,DEFAULT_NOT_RELEVANT,STRONG_EXCLUSION_PATTERN,no_technical_evidence,sales_recruiting,NOT_REQUIRED,NOT_REQUIRED,NOT_RELEVANT:not_relevant -> NOT_RELEVANT:not_relevant
dol_perm,Graduate Recruitment and Admissions Counselor,21-1012.00,1,role_taxonomy_v1,role_taxonomy_v2,False,False,not_relevant,not_relevant,DEFAULT_NOT_RELEVANT,STRONG_EXCLUSION_PATTERN,no_technical_evidence,sales_recruiting,NOT_REQUIRED,NOT_REQUIRED,NOT_RELEVANT:not_relevant -> NOT_RELEVANT:not_relevant
dol_perm,HOME CARE RECRUITING AND SCHEDULING COORDINATOR,11-9111.00,1,role_taxonomy_v1,role_taxonomy_v2,False,False,not_relevant,not_relevant,DEFAULT_NOT_RELEVANT,STRONG_EXCLUSION_PATTERN,no_technical_evidence,sales_recruiting,NOT_REQUIRED,NOT_REQUIRED,NOT_RELEVANT:not_relevant -> NOT_RELEVANT:not_relevant
dol_lca,HR Analyst - Recruiting,13-1071.00,1,role_taxonomy_v1,role_taxonomy_v2,False,False,not_relevant,not_relevant,DEFAULT_NOT_RELEVANT,STRONG_EXCLUSION_PATTERN,no_technical_evidence,sales_recruiting,NOT_REQUIRED,NOT_REQUIRED,NOT_RELEVANT:not_relevant -> NOT_RELEVANT:not_relevant
dol_lca,HR Recruitment Manager,11-3121.00,1,role_taxonomy_v1,role_taxonomy_v2,False,False,not_relevant,not_relevant,DEFAULT_NOT_RELEVANT,STRONG_EXCLUSION_PATTERN,no_technical_evidence,sales_recruiting,NOT_REQUIRED,NOT_REQUIRED,NOT_RELEVANT:not_relevant -> NOT_RELEVANT:not_relevant
dol_perm,HR Recruitment Manager,11-3121.00,1,role_taxonomy_v1,role_taxonomy_v2,False,False,not_relevant,not_relevant,DEFAULT_NOT_RELEVANT,STRONG_EXCLUSION_PATTERN,no_technical_evidence,sales_recruiting,NOT_REQUIRED,NOT_REQUIRED,NOT_RELEVANT:not_relevant -> NOT_RELEVANT:not_relevant
dol_perm,HR Specialist/Recruitment Coordinator,13-1071.00,1,role_taxonomy_v1,role_taxonomy_v2,False,False,not_relevant,not_relevant,DEFAULT_NOT_RELEVANT,STRONG_EXCLUSION_PATTERN,no_technical_evidence,sales_recruiting,NOT_REQUIRED,NOT_REQUIRED,NOT_RELEVANT:not_relevant -> NOT_RELEVANT:not_relevant
dol_perm,Head of Global Recruiting Analytics,15-2041.00,1,role_taxonomy_v1,role_taxonomy_v2,False,False,not_relevant,not_relevant,DEFAULT_NOT_RELEVANT,STRONG_EXCLUSION_PATTERN,no_technical_evidence,sales_recruiting,NOT_REQUIRED,NOT_REQUIRED,NOT_RELEVANT:not_relevant -> NOT_RELEVANT:not_relevant
dol_lca,"Head, Study Feasibility, Recruitment & Business Insights",13-1111.00,1,role_taxonomy_v1,role_taxonomy_v2,False,False,not_relevant,not_relevant,DEFAULT_NOT_RELEVANT,STRONG_EXCLUSION_PATTERN,no_technical_evidence,sales_recruiting,NOT_REQUIRED,NOT_REQUIRED,NOT_RELEVANT:not_relevant -> NOT_RELEVANT:not_relevant
dol_perm,Human Resources / Recruiting Manager,11-3121,1,role_taxonomy_v1,role_taxonomy_v2,False,False,not_relevant,not_relevant,DEFAULT_NOT_RELEVANT,STRONG_EXCLUSION_PATTERN,no_technical_evidence,sales_recruiting,NOT_REQUIRED,NOT_REQUIRED,NOT_RELEVANT:not_relevant -> NOT_RELEVANT:not_relevant
dol_perm,Human Resources Specialist - Recruitment ,13-1071.00,1,role_taxonomy_v1,role_taxonomy_v2,False,False,not_relevant,not_relevant,DEFAULT_NOT_RELEVANT,STRONG_EXCLUSION_PATTERN,no_technical_evidence,sales_recruiting,NOT_REQUIRED,NOT_REQUIRED,NOT_RELEVANT:not_relevant -> NOT_RELEVANT:not_relevant
dol_perm,IT RECRUITMENT SPECIALIST,13-1071.00,1,role_taxonomy_v1,role_taxonomy_v2,False,False,not_relevant,not_relevant,DEFAULT_NOT_RELEVANT,STRONG_EXCLUSION_PATTERN,no_technical_evidence,sales_recruiting,NOT_REQUIRED,NOT_REQUIRED,NOT_RELEVANT:not_relevant -> NOT_RELEVANT:not_relevant
dol_perm,IT Technical Recruitment Specialist,13-1071,1,role_taxonomy_v1,role_taxonomy_v2,False,False,not_relevant,not_relevant,DEFAULT_NOT_RELEVANT,STRONG_EXCLUSION_PATTERN,no_technical_evidence,sales_recruiting,NOT_REQUIRED,NOT_REQUIRED,NOT_RELEVANT:not_relevant -> NOT_RELEVANT:not_relevant
dol_lca,IT Technical Recruitment Specialist,13-1071.00,1,role_taxonomy_v1,role_taxonomy_v2,False,False,not_relevant,not_relevant,DEFAULT_NOT_RELEVANT,STRONG_EXCLUSION_PATTERN,no_technical_evidence,sales_recruiting,NOT_REQUIRED,NOT_REQUIRED,NOT_RELEVANT:not_relevant -> NOT_RELEVANT:not_relevant
dol_perm,Identification and Recruitment Field Specialist,21-1021,1,role_taxonomy_v1,role_taxonomy_v2,False,False,not_relevant,not_relevant,DEFAULT_NOT_RELEVANT,STRONG_EXCLUSION_PATTERN,no_technical_evidence,sales_recruiting,NOT_REQUIRED,NOT_REQUIRED,NOT_RELEVANT:not_relevant -> NOT_RELEVANT:not_relevant
dol_perm,Instructor/Admission & Recruitment Specialist,25-1081,1,role_taxonomy_v1,role_taxonomy_v2,False,False,not_relevant,not_relevant,DEFAULT_NOT_RELEVANT,STRONG_EXCLUSION_PATTERN,no_technical_evidence,sales_recruiting,NOT_REQUIRED,NOT_REQUIRED,NOT_RELEVANT:not_relevant -> NOT_RELEVANT:not_relevant
dol_lca,Instructor/Admission & Recruitment Specialist,25-1081.00,1,role_taxonomy_v1,role_taxonomy_v2,False,False,not_relevant,not_relevant,DEFAULT_NOT_RELEVANT,STRONG_EXCLUSION_PATTERN,no_technical_evidence,sales_recruiting,NOT_REQUIRED,NOT_REQUIRED,NOT_RELEVANT:not_relevant -> NOT_RELEVANT:not_relevant
dol_perm,International HR Recruiting Coordinator ,,1,role_taxonomy_v1,role_taxonomy_v2,False,False,not_relevant,not_relevant,DEFAULT_NOT_RELEVANT,STRONG_EXCLUSION_PATTERN,no_technical_evidence,sales_recruiting,NOT_REQUIRED,NOT_REQUIRED,NOT_RELEVANT:not_relevant -> NOT_RELEVANT:not_relevant
dol_lca,International Recruiting Coordinator/Lead Assistant Coach,27-2022.00,1,role_taxonomy_v1,role_taxonomy_v2,False,False,not_relevant,not_relevant,DEFAULT_NOT_RELEVANT,STRONG_EXCLUSION_PATTERN,no_technical_evidence,sales_recruiting,NOT_REQUIRED,NOT_REQUIRED,NOT_RELEVANT:not_relevant -> NOT_RELEVANT:not_relevant
dol_perm,International Recruitment Specialist,13-1071.00,1,role_taxonomy_v1,role_taxonomy_v2,False,False,not_relevant,not_relevant,DEFAULT_NOT_RELEVANT,STRONG_EXCLUSION_PATTERN,no_technical_evidence,sales_recruiting,NOT_REQUIRED,NOT_REQUIRED,NOT_RELEVANT:not_relevant -> NOT_RELEVANT:not_relevant
dol_perm,International Recruitment/Admissions Specialist,13-1071,1,role_taxonomy_v1,role_taxonomy_v2,False,False,not_relevant,not_relevant,DEFAULT_NOT_RELEVANT,STRONG_EXCLUSION_PATTERN,no_technical_evidence,sales_recruiting,NOT_REQUIRED,NOT_REQUIRED,NOT_RELEVANT:not_relevant -> NOT_RELEVANT:not_relevant
dol_perm,LEAD RECRUITMENT ANALYST,13-1071,1,role_taxonomy_v1,role_taxonomy_v2,False,False,not_relevant,not_relevant,DEFAULT_NOT_RELEVANT,STRONG_EXCLUSION_PATTERN,no_technical_evidence,sales_recruiting,NOT_REQUIRED,NOT_REQUIRED,NOT_RELEVANT:not_relevant -> NOT_RELEVANT:not_relevant
dol_lca,Lead Recruitment Analyst,13-1071.00,1,role_taxonomy_v1,role_taxonomy_v2,False,False,not_relevant,not_relevant,DEFAULT_NOT_RELEVANT,STRONG_EXCLUSION_PATTERN,no_technical_evidence,sales_recruiting,NOT_REQUIRED,NOT_REQUIRED,NOT_RELEVANT:not_relevant -> NOT_RELEVANT:not_relevant
dol_perm,Lead Recruitment Consultant - Head of Construction,13-1071,1,role_taxonomy_v1,role_taxonomy_v2,False,False,not_relevant,not_relevant,DEFAULT_NOT_RELEVANT,STRONG_EXCLUSION_PATTERN,no_technical_evidence,sales_recruiting,NOT_REQUIRED,NOT_REQUIRED,NOT_RELEVANT:not_relevant -> NOT_RELEVANT:not_relevant
dol_lca,"MANAGER, EARLY CAREERS RECRUITMENT",13-1071.00,1,role_taxonomy_v1,role_taxonomy_v2,False,False,not_relevant,not_relevant,DEFAULT_NOT_RELEVANT,STRONG_EXCLUSION_PATTERN,no_technical_evidence,sales_recruiting,NOT_REQUIRED,NOT_REQUIRED,NOT_RELEVANT:not_relevant -> NOT_RELEVANT:not_relevant
dol_perm,"Manager, Engineering Recruitment",13-1071,1,role_taxonomy_v1,role_taxonomy_v2,False,False,not_relevant,not_relevant,DEFAULT_NOT_RELEVANT,STRONG_EXCLUSION_PATTERN,no_technical_evidence,sales_recruiting,NOT_REQUIRED,NOT_REQUIRED,NOT_RELEVANT:not_relevant -> NOT_RELEVANT:not_relevant
dol_perm,"Marketing and Recruitment Specialist, International Programs",11-2021,1,role_taxonomy_v1,role_taxonomy_v2,False,False,not_relevant,not_relevant,DEFAULT_NOT_RELEVANT,STRONG_EXCLUSION_PATTERN,no_technical_evidence,sales_recruiting,NOT_REQUIRED,NOT_REQUIRED,NOT_RELEVANT:not_relevant -> NOT_RELEVANT:not_relevant
dol_lca,"Marketing, Communications and Recruitment Specialist",13-1161.00,1,role_taxonomy_v1,role_taxonomy_v2,False,False,not_relevant,not_relevant,DEFAULT_NOT_RELEVANT,STRONG_EXCLUSION_PATTERN,no_technical_evidence,sales_recruiting,NOT_REQUIRED,NOT_REQUIRED,NOT_RELEVANT:not_relevant -> NOT_RELEVANT:not_relevant
dol_lca,"Member of Recruiting Staff (Senior Technical Sourcer, Scalin",13-1071.00,1,role_taxonomy_v1,role_taxonomy_v2,False,False,not_relevant,not_relevant,DEFAULT_NOT_RELEVANT,STRONG_EXCLUSION_PATTERN,no_technical_evidence,sales_recruiting,NOT_REQUIRED,NOT_REQUIRED,NOT_RELEVANT:not_relevant -> NOT_RELEVANT:not_relevant
dol_lca,Offensive and Recruiting Coordinator,27-2022.00,1,role_taxonomy_v1,role_taxonomy_v2,False,False,not_relevant,not_relevant,DEFAULT_NOT_RELEVANT,STRONG_EXCLUSION_PATTERN,no_technical_evidence,sales_recruiting,NOT_REQUIRED,NOT_REQUIRED,NOT_RELEVANT:not_relevant -> NOT_RELEVANT:not_relevant
dol_perm,"Officer-International Student Recruitment, Retention, Care",13-1071,1,role_taxonomy_v1,role_taxonomy_v2,False,False,not_relevant,not_relevant,DEFAULT_NOT_RELEVANT,STRONG_EXCLUSION_PATTERN,no_technical_evidence,sales_recruiting,NOT_REQUIRED,NOT_REQUIRED,NOT_RELEVANT:not_relevant -> NOT_RELEVANT:not_relevant
dol_perm,Oil & Gas Sales Recruiting Director,11-1021,1,role_taxonomy_v1,role_taxonomy_v2,False,False,not_relevant,not_relevant,DEFAULT_NOT_RELEVANT,STRONG_EXCLUSION_PATTERN,no_technical_evidence,sales_recruiting,NOT_REQUIRED,NOT_REQUIRED,NOT_RELEVANT:not_relevant -> NOT_RELEVANT:not_relevant
dol_perm,Operations Analyst (Recruiting),15-2041,1,role_taxonomy_v1,role_taxonomy_v2,False,False,not_relevant,not_relevant,DEFAULT_NOT_RELEVANT,STRONG_EXCLUSION_PATTERN,no_technical_evidence,sales_recruiting,NOT_REQUIRED,NOT_REQUIRED,NOT_RELEVANT:not_relevant -> NOT_RELEVANT:not_relevant
dol_lca,"Player Personnel, Recruiting & Analytics Special Assistant",27-2022.00,1,role_taxonomy_v1,role_taxonomy_v2,False,False,not_relevant,not_relevant,DEFAULT_NOT_RELEVANT,STRONG_EXCLUSION_PATTERN,no_technical_evidence,sales_recruiting,NOT_REQUIRED,NOT_REQUIRED,NOT_RELEVANT:not_relevant -> NOT_RELEVANT:not_relevant
dol_lca,Product Recruiting Manager,11-3121.00,1,role_taxonomy_v1,role_taxonomy_v2,False,False,not_relevant,not_relevant,DEFAULT_NOT_RELEVANT,STRONG_EXCLUSION_PATTERN,no_technical_evidence,sales_recruiting,NOT_REQUIRED,NOT_REQUIRED,NOT_RELEVANT:not_relevant -> NOT_RELEVANT:not_relevant
dol_lca,"Project Manager, Recruiting Services and Operations",15-2031.00,1,role_taxonomy_v1,role_taxonomy_v2,False,False,not_relevant,not_relevant,DEFAULT_NOT_RELEVANT,STRONG_EXCLUSION_PATTERN,no_technical_evidence,sales_recruiting,NOT_REQUIRED,NOT_REQUIRED,NOT_RELEVANT:not_relevant -> NOT_RELEVANT:not_relevant
dol_lca,RECRUITING DIRECTOR,13-1071.00,1,role_taxonomy_v1,role_taxonomy_v2,False,False,not_relevant,not_relevant,DEFAULT_NOT_RELEVANT,STRONG_EXCLUSION_PATTERN,no_technical_evidence,sales_recruiting,NOT_REQUIRED,NOT_REQUIRED,NOT_RELEVANT:not_relevant -> NOT_RELEVANT:not_relevant
dol_lca,RECRUITING OPERATIONS ANALYST ,15-2031.00,1,role_taxonomy_v1,role_taxonomy_v2,False,False,not_relevant,not_relevant,DEFAULT_NOT_RELEVANT,STRONG_EXCLUSION_PATTERN,no_technical_evidence,sales_recruiting,NOT_REQUIRED,NOT_REQUIRED,NOT_RELEVANT:not_relevant -> NOT_RELEVANT:not_relevant
dol_perm,RECRUITMENT OFFICER,41-3091.00,1,role_taxonomy_v1,role_taxonomy_v2,False,False,not_relevant,not_relevant,DEFAULT_NOT_RELEVANT,STRONG_EXCLUSION_PATTERN,no_technical_evidence,sales_recruiting,NOT_REQUIRED,NOT_REQUIRED,NOT_RELEVANT:not_relevant -> NOT_RELEVANT:not_relevant
dol_perm,Recruiting,11-3121,1,role_taxonomy_v1,role_taxonomy_v2,False,False,not_relevant,not_relevant,DEFAULT_NOT_RELEVANT,STRONG_EXCLUSION_PATTERN,no_technical_evidence,sales_recruiting,NOT_REQUIRED,NOT_REQUIRED,NOT_RELEVANT:not_relevant -> NOT_RELEVANT:not_relevant
dol_lca,Recruiting Associate,13-1071.00,1,role_taxonomy_v1,role_taxonomy_v2,False,False,not_relevant,not_relevant,DEFAULT_NOT_RELEVANT,STRONG_EXCLUSION_PATTERN,no_technical_evidence,sales_recruiting,NOT_REQUIRED,NOT_REQUIRED,NOT_RELEVANT:not_relevant -> NOT_RELEVANT:not_relevant
dol_lca,Recruiting BP III,13-1071.00,1,role_taxonomy_v1,role_taxonomy_v2,False,False,not_relevant,not_relevant,DEFAULT_NOT_RELEVANT,STRONG_EXCLUSION_PATTERN,no_technical_evidence,sales_recruiting,NOT_REQUIRED,NOT_REQUIRED,NOT_RELEVANT:not_relevant -> NOT_RELEVANT:not_relevant
dol_perm,Recruiting Coordinator,13-1071.00,1,role_taxonomy_v1,role_taxonomy_v2,False,False,not_relevant,not_relevant,DEFAULT_NOT_RELEVANT,STRONG_EXCLUSION_PATTERN,no_technical_evidence,sales_recruiting,NOT_REQUIRED,NOT_REQUIRED,NOT_RELEVANT:not_relevant -> NOT_RELEVANT:not_relevant
dol_perm,Recruiting Director,13-1071.00,1,role_taxonomy_v1,role_taxonomy_v2,False,False,not_relevant,not_relevant,DEFAULT_NOT_RELEVANT,STRONG_EXCLUSION_PATTERN,no_technical_evidence,sales_recruiting,NOT_REQUIRED,NOT_REQUIRED,NOT_RELEVANT:not_relevant -> NOT_RELEVANT:not_relevant
dol_lca,Recruiting Leader,11-3121.00,1,role_taxonomy_v1,role_taxonomy_v2,False,False,not_relevant,not_relevant,DEFAULT_NOT_RELEVANT,STRONG_EXCLUSION_PATTERN,no_technical_evidence,sales_recruiting,NOT_REQUIRED,NOT_REQUIRED,NOT_RELEVANT:not_relevant -> NOT_RELEVANT:not_relevant
dol_perm,Recruiting Manager,13-1071,1,role_taxonomy_v1,role_taxonomy_v2,False,False,not_relevant,not_relevant,DEFAULT_NOT_RELEVANT,STRONG_EXCLUSION_PATTERN,no_technical_evidence,sales_recruiting,NOT_REQUIRED,NOT_REQUIRED,NOT_RELEVANT:not_relevant -> NOT_RELEVANT:not_relevant
dol_perm,Recruiting Manager,13-1071.00,1,role_taxonomy_v1,role_taxonomy_v2,False,False,not_relevant,not_relevant,DEFAULT_NOT_RELEVANT,STRONG_EXCLUSION_PATTERN,no_technical_evidence,sales_recruiting,NOT_REQUIRED,NOT_REQUIRED,NOT_RELEVANT:not_relevant -> NOT_RELEVANT:not_relevant
dol_perm,"Recruiting Manager, US & Canada",,1,role_taxonomy_v1,role_taxonomy_v2,False,False,not_relevant,not_relevant,DEFAULT_NOT_RELEVANT,STRONG_EXCLUSION_PATTERN,no_technical_evidence,sales_recruiting,NOT_REQUIRED,NOT_REQUIRED,NOT_RELEVANT:not_relevant -> NOT_RELEVANT:not_relevant
dol_lca,Recruiting Manger,11-3121.00,1,role_taxonomy_v1,role_taxonomy_v2,False,False,not_relevant,not_relevant,DEFAULT_NOT_RELEVANT,STRONG_EXCLUSION_PATTERN,no_technical_evidence,sales_recruiting,NOT_REQUIRED,NOT_REQUIRED,NOT_RELEVANT:not_relevant -> NOT_RELEVANT:not_relevant
dol_lca,Recruiting Marketing and Brand Manager,11-2021.00,1,role_taxonomy_v1,role_taxonomy_v2,False,False,not_relevant,not_relevant,DEFAULT_NOT_RELEVANT,STRONG_EXCLUSION_PATTERN,no_technical_evidence,sales_recruiting,NOT_REQUIRED,NOT_REQUIRED,NOT_RELEVANT:not_relevant -> NOT_RELEVANT:not_relevant
dol_perm,Recruiting Operations Lead,11-3121,1,role_taxonomy_v1,role_taxonomy_v2,False,False,not_relevant,not_relevant,DEFAULT_NOT_RELEVANT,STRONG_EXCLUSION_PATTERN,no_technical_evidence,sales_recruiting,NOT_REQUIRED,NOT_REQUIRED,NOT_RELEVANT:not_relevant -> NOT_RELEVANT:not_relevant
dol_lca,Recruiting Operations Specialist,13-1071.00,1,role_taxonomy_v1,role_taxonomy_v2,False,False,not_relevant,not_relevant,DEFAULT_NOT_RELEVANT,STRONG_EXCLUSION_PATTERN,no_technical_evidence,sales_recruiting,NOT_REQUIRED,NOT_REQUIRED,NOT_RELEVANT:not_relevant -> NOT_RELEVANT:not_relevant
dol_lca,Recruiting Partner,11-3121.00,1,role_taxonomy_v1,role_taxonomy_v2,False,False,not_relevant,not_relevant,DEFAULT_NOT_RELEVANT,STRONG_EXCLUSION_PATTERN,no_technical_evidence,sales_recruiting,NOT_REQUIRED,NOT_REQUIRED,NOT_RELEVANT:not_relevant -> NOT_RELEVANT:not_relevant
dol_perm,Recruiting People Planning Analyst,13-1111,1,role_taxonomy_v1,role_taxonomy_v2,False,False,not_relevant,not_relevant,DEFAULT_NOT_RELEVANT,STRONG_EXCLUSION_PATTERN,no_technical_evidence,sales_recruiting,NOT_REQUIRED,NOT_REQUIRED,NOT_RELEVANT:not_relevant -> NOT_RELEVANT:not_relevant
dol_lca,Recruiting Program Partner - TAO - AMS,13-1071.00,1,role_taxonomy_v1,role_taxonomy_v2,False,False,not_relevant,not_relevant,DEFAULT_NOT_RELEVANT,STRONG_EXCLUSION_PATTERN,no_technical_evidence,sales_recruiting,NOT_REQUIRED,NOT_REQUIRED,NOT_RELEVANT:not_relevant -> NOT_RELEVANT:not_relevant
dol_lca,Recruiting Project Lead,19-3011.00,1,role_taxonomy_v1,role_taxonomy_v2,False,False,not_relevant,not_relevant,DEFAULT_NOT_RELEVANT,STRONG_EXCLUSION_PATTERN,no_technical_evidence,sales_recruiting,NOT_REQUIRED,NOT_REQUIRED,NOT_RELEVANT:not_relevant -> NOT_RELEVANT:not_relevant
dol_perm,Recruiting Research Associate ,13-1071.00,1,role_taxonomy_v1,role_taxonomy_v2,False,False,not_relevant,not_relevant,DEFAULT_NOT_RELEVANT,STRONG_EXCLUSION_PATTERN,no_technical_evidence,sales_recruiting,NOT_REQUIRED,NOT_REQUIRED,NOT_RELEVANT:not_relevant -> NOT_RELEVANT:not_relevant
dol_lca,"Recruiting Specialist and Marketing Coordinator,Grad Prgms",13-1161.00,1,role_taxonomy_v1,role_taxonomy_v2,False,False,not_relevant,not_relevant,DEFAULT_NOT_RELEVANT,STRONG_EXCLUSION_PATTERN,no_technical_evidence,sales_recruiting,NOT_REQUIRED,NOT_REQUIRED,NOT_RELEVANT:not_relevant -> NOT_RELEVANT:not_relevant
dol_lca,"Recruiting Specialist and Marketing Coordinator,Grad Prgms",21-1012.00,1,role_taxonomy_v1,role_taxonomy_v2,False,False,not_relevant,not_relevant,DEFAULT_NOT_RELEVANT,STRONG_EXCLUSION_PATTERN,no_technical_evidence,sales_recruiting,NOT_REQUIRED,NOT_REQUIRED,NOT_RELEVANT:not_relevant -> NOT_RELEVANT:not_relevant
dol_lca,Recruiting/Staffing Account Manager,13-1071.00,1,role_taxonomy_v1,role_taxonomy_v2,False,False,not_relevant,not_relevant,DEFAULT_NOT_RELEVANT,STRONG_EXCLUSION_PATTERN,no_technical_evidence,sales_recruiting,NOT_REQUIRED,NOT_REQUIRED,NOT_RELEVANT:not_relevant -> NOT_RELEVANT:not_relevant
dol_lca,Recruitment & Employee Engagement Specialist,13-1071.00,1,role_taxonomy_v1,role_taxonomy_v2,False,False,not_relevant,not_relevant,DEFAULT_NOT_RELEVANT,STRONG_EXCLUSION_PATTERN,no_technical_evidence,sales_recruiting,NOT_REQUIRED,NOT_REQUIRED,NOT_RELEVANT:not_relevant -> NOT_RELEVANT:not_relevant
dol_perm,Recruitment Assistant,11-2021.00,1,role_taxonomy_v1,role_taxonomy_v2,False,False,not_relevant,not_relevant,DEFAULT_NOT_RELEVANT,STRONG_EXCLUSION_PATTERN,no_technical_evidence,sales_recruiting,NOT_REQUIRED,NOT_REQUIRED,NOT_RELEVANT:not_relevant -> NOT_RELEVANT:not_relevant
dol_perm,Recruitment Assistant,41-4011,1,role_taxonomy_v1,role_taxonomy_v2,False,False,not_relevant,not_relevant,DEFAULT_NOT_RELEVANT,STRONG_EXCLUSION_PATTERN,no_technical_evidence,sales_recruiting,NOT_REQUIRED,NOT_REQUIRED,NOT_RELEVANT:not_relevant -> NOT_RELEVANT:not_relevant
dol_perm,Recruitment Assistant,41-4012,1,role_taxonomy_v1,role_taxonomy_v2,False,False,not_relevant,not_relevant,DEFAULT_NOT_RELEVANT,STRONG_EXCLUSION_PATTERN,no_technical_evidence,sales_recruiting,NOT_REQUIRED,NOT_REQUIRED,NOT_RELEVANT:not_relevant -> NOT_RELEVANT:not_relevant
dol_perm,Recruitment Associate,13-1071.00,1,role_taxonomy_v1,role_taxonomy_v2,False,False,not_relevant,not_relevant,DEFAULT_NOT_RELEVANT,STRONG_EXCLUSION_PATTERN,no_technical_evidence,sales_recruiting,NOT_REQUIRED,NOT_REQUIRED,NOT_RELEVANT:not_relevant -> NOT_RELEVANT:not_relevant
dol_perm,Recruitment Consultant,11-3121.00,1,role_taxonomy_v1,role_taxonomy_v2,False,False,not_relevant,not_relevant,DEFAULT_NOT_RELEVANT,STRONG_EXCLUSION_PATTERN,no_technical_evidence,sales_recruiting,NOT_REQUIRED,NOT_REQUIRED,NOT_RELEVANT:not_relevant -> NOT_RELEVANT:not_relevant
dol_perm,Recruitment Consultant,13-1071,1,role_taxonomy_v1,role_taxonomy_v2,False,False,not_relevant,not_relevant,DEFAULT_NOT_RELEVANT,STRONG_EXCLUSION_PATTERN,no_technical_evidence,sales_recruiting,NOT_REQUIRED,NOT_REQUIRED,NOT_RELEVANT:not_relevant -> NOT_RELEVANT:not_relevant
dol_lca,Recruitment Consultant,13-1199.00,1,role_taxonomy_v1,role_taxonomy_v2,False,False,not_relevant,not_relevant,DEFAULT_NOT_RELEVANT,STRONG_EXCLUSION_PATTERN,no_technical_evidence,sales_recruiting,NOT_REQUIRED,NOT_REQUIRED,NOT_RELEVANT:not_relevant -> NOT_RELEVANT:not_relevant
dol_lca,Recruitment Coordinator,13-1071.00,1,role_taxonomy_v1,role_taxonomy_v2,False,False,not_relevant,not_relevant,DEFAULT_NOT_RELEVANT,STRONG_EXCLUSION_PATTERN,no_technical_evidence,sales_recruiting,NOT_REQUIRED,NOT_REQUIRED,NOT_RELEVANT:not_relevant -> NOT_RELEVANT:not_relevant
dol_perm,Recruitment Coordinator,13-1071.00,1,role_taxonomy_v1,role_taxonomy_v2,False,False,not_relevant,not_relevant,DEFAULT_NOT_RELEVANT,STRONG_EXCLUSION_PATTERN,no_technical_evidence,sales_recruiting,NOT_REQUIRED,NOT_REQUIRED,NOT_RELEVANT:not_relevant -> NOT_RELEVANT:not_relevant
dol_lca,Recruitment Counselor,21-1012.00,1,role_taxonomy_v1,role_taxonomy_v2,False,False,not_relevant,not_relevant,DEFAULT_NOT_RELEVANT,STRONG_EXCLUSION_PATTERN,no_technical_evidence,sales_recruiting,NOT_REQUIRED,NOT_REQUIRED,NOT_RELEVANT:not_relevant -> NOT_RELEVANT:not_relevant
dol_lca,Recruitment Manager,11-3121.00,1,role_taxonomy_v1,role_taxonomy_v2,False,False,not_relevant,not_relevant,DEFAULT_NOT_RELEVANT,STRONG_EXCLUSION_PATTERN,no_technical_evidence,sales_recruiting,NOT_REQUIRED,NOT_REQUIRED,NOT_RELEVANT:not_relevant -> NOT_RELEVANT:not_relevant
dol_perm,Recruitment Manager – Telecommunications Operations,13-1071,1,role_taxonomy_v1,role_taxonomy_v2,False,False,not_relevant,not_relevant,DEFAULT_NOT_RELEVANT,STRONG_EXCLUSION_PATTERN,no_technical_evidence,sales_recruiting,NOT_REQUIRED,NOT_REQUIRED,NOT_RELEVANT:not_relevant -> NOT_RELEVANT:not_relevant
dol_perm,"Recruitment Manager, Business Intelligence",13-1071,1,role_taxonomy_v1,role_taxonomy_v2,False,False,not_relevant,not_relevant,DEFAULT_NOT_RELEVANT,STRONG_EXCLUSION_PATTERN,no_technical_evidence,sales_recruiting,NOT_REQUIRED,NOT_REQUIRED,NOT_RELEVANT:not_relevant -> NOT_RELEVANT:not_relevant
dol_perm,Recruitment Officer,13-1071.00,1,role_taxonomy_v1,role_taxonomy_v2,False,False,not_relevant,not_relevant,DEFAULT_NOT_RELEVANT,STRONG_EXCLUSION_PATTERN,no_technical_evidence,sales_recruiting,NOT_REQUIRED,NOT_REQUIRED,NOT_RELEVANT:not_relevant -> NOT_RELEVANT:not_relevant
dol_perm,Recruitment Officer,41-4012.00,1,role_taxonomy_v1,role_taxonomy_v2,False,False,not_relevant,not_relevant,DEFAULT_NOT_RELEVANT,STRONG_EXCLUSION_PATTERN,no_technical_evidence,sales_recruiting,NOT_REQUIRED,NOT_REQUIRED,NOT_RELEVANT:not_relevant -> NOT_RELEVANT:not_relevant
dol_lca,Recruitment Operations Manager,11-3121.00,1,role_taxonomy_v1,role_taxonomy_v2,False,False,not_relevant,not_relevant,DEFAULT_NOT_RELEVANT,STRONG_EXCLUSION_PATTERN,no_technical_evidence,sales_recruiting,NOT_REQUIRED,NOT_REQUIRED,NOT_RELEVANT:not_relevant -> NOT_RELEVANT:not_relevant
dol_perm,Recruitment Project Manager,13-1071.00,1,role_taxonomy_v1,role_taxonomy_v2,False,False,not_relevant,not_relevant,DEFAULT_NOT_RELEVANT,STRONG_EXCLUSION_PATTERN,no_technical_evidence,sales_recruiting,NOT_REQUIRED,NOT_REQUIRED,NOT_RELEVANT:not_relevant -> NOT_RELEVANT:not_relevant
dol_perm,Recruitment Specialist,11-3121,1,role_taxonomy_v1,role_taxonomy_v2,False,False,not_relevant,not_relevant,DEFAULT_NOT_RELEVANT,STRONG_EXCLUSION_PATTERN,no_technical_evidence,sales_recruiting,NOT_REQUIRED,NOT_REQUIRED,NOT_RELEVANT:not_relevant -> NOT_RELEVANT:not_relevant
dol_perm,Recruitment Specialist,13-1071,1,role_taxonomy_v1,role_taxonomy_v2,False,False,not_relevant,not_relevant,DEFAULT_NOT_RELEVANT,STRONG_EXCLUSION_PATTERN,no_technical_evidence,sales_recruiting,NOT_REQUIRED,NOT_REQUIRED,NOT_RELEVANT:not_relevant -> NOT_RELEVANT:not_relevant
dol_perm,Recruitment Specialist,21-1012,1,role_taxonomy_v1,role_taxonomy_v2,False,False,not_relevant,not_relevant,DEFAULT_NOT_RELEVANT,STRONG_EXCLUSION_PATTERN,no_technical_evidence,sales_recruiting,NOT_REQUIRED,NOT_REQUIRED,NOT_RELEVANT:not_relevant -> NOT_RELEVANT:not_relevant
dol_perm,Recruitment Specialist ,13-1071.00,1,role_taxonomy_v1,role_taxonomy_v2,False,False,not_relevant,not_relevant,DEFAULT_NOT_RELEVANT,STRONG_EXCLUSION_PATTERN,no_technical_evidence,sales_recruiting,NOT_REQUIRED,NOT_REQUIRED,NOT_RELEVANT:not_relevant -> NOT_RELEVANT:not_relevant
dol_lca,Recruitment Specialist (HR & Management),13-1071.00,1,role_taxonomy_v1,role_taxonomy_v2,False,False,not_relevant,not_relevant,DEFAULT_NOT_RELEVANT,STRONG_EXCLUSION_PATTERN,no_technical_evidence,sales_recruiting,NOT_REQUIRED,NOT_REQUIRED,NOT_RELEVANT:not_relevant -> NOT_RELEVANT:not_relevant
dol_perm,Recruitment and Development Specialist ,13-1071.00,1,role_taxonomy_v1,role_taxonomy_v2,False,False,not_relevant,not_relevant,DEFAULT_NOT_RELEVANT,STRONG_EXCLUSION_PATTERN,no_technical_evidence,sales_recruiting,NOT_REQUIRED,NOT_REQUIRED,NOT_RELEVANT:not_relevant -> NOT_RELEVANT:not_relevant
dol_perm,Recruitment and Staffing Specialist,13-1071,1,role_taxonomy_v1,role_taxonomy_v2,False,False,not_relevant,not_relevant,DEFAULT_NOT_RELEVANT,STRONG_EXCLUSION_PATTERN,no_technical_evidence,sales_recruiting,NOT_REQUIRED,NOT_REQUIRED,NOT_RELEVANT:not_relevant -> NOT_RELEVANT:not_relevant
dol_lca,"Recruitment, Compensation and Job Analysis specialist",13-1141.00,1,role_taxonomy_v1,role_taxonomy_v2,False,False,not_relevant,not_relevant,DEFAULT_NOT_RELEVANT,STRONG_EXCLUSION_PATTERN,no_technical_evidence,sales_recruiting,NOT_REQUIRED,NOT_REQUIRED,NOT_RELEVANT:not_relevant -> NOT_RELEVANT:not_relevant
dol_lca,"Recruitment/Staffing Account Manager, Financial Sftwr Srvcs",13-1071.00,1,role_taxonomy_v1,role_taxonomy_v2,False,False,not_relevant,not_relevant,DEFAULT_NOT_RELEVANT,STRONG_EXCLUSION_PATTERN,no_technical_evidence,sales_recruiting,NOT_REQUIRED,NOT_REQUIRED,NOT_RELEVANT:not_relevant -> NOT_RELEVANT:not_relevant
dol_lca,Senior HR Recruiting Specialist,13-1071.00,1,role_taxonomy_v1,role_taxonomy_v2,False,False,not_relevant,not_relevant,DEFAULT_NOT_RELEVANT,STRONG_EXCLUSION_PATTERN,no_technical_evidence,sales_recruiting,NOT_REQUIRED,NOT_REQUIRED,NOT_RELEVANT:not_relevant -> NOT_RELEVANT:not_relevant
dol_perm,Senior HR Recruiting Specialist,13-1071.00,1,role_taxonomy_v1,role_taxonomy_v2,False,False,not_relevant,not_relevant,DEFAULT_NOT_RELEVANT,STRONG_EXCLUSION_PATTERN,no_technical_evidence,sales_recruiting,NOT_REQUIRED,NOT_REQUIRED,NOT_RELEVANT:not_relevant -> NOT_RELEVANT:not_relevant
dol_lca,Senior Lateral Partner Recruiting Manager - US,13-1071.00,1,role_taxonomy_v1,role_taxonomy_v2,False,False,not_relevant,not_relevant,DEFAULT_NOT_RELEVANT,STRONG_EXCLUSION_PATTERN,no_technical_evidence,sales_recruiting,NOT_REQUIRED,NOT_REQUIRED,NOT_RELEVANT:not_relevant -> NOT_RELEVANT:not_relevant
dol_perm,"Senior Manager, Patient Recruitment and Retention",15-2041,1,role_taxonomy_v1,role_taxonomy_v2,False,False,not_relevant,not_relevant,DEFAULT_NOT_RELEVANT,STRONG_EXCLUSION_PATTERN,no_technical_evidence,sales_recruiting,NOT_REQUIRED,NOT_REQUIRED,NOT_RELEVANT:not_relevant -> NOT_RELEVANT:not_relevant
dol_perm,Senior Recruiting Manager/Senior Human Resources Specialist ,11-3121.00,1,role_taxonomy_v1,role_taxonomy_v2,False,False,not_relevant,not_relevant,DEFAULT_NOT_RELEVANT,STRONG_EXCLUSION_PATTERN,no_technical_evidence,sales_recruiting,NOT_REQUIRED,NOT_REQUIRED,NOT_RELEVANT:not_relevant -> NOT_RELEVANT:not_relevant
dol_lca,Senior Recruitment Consultant,13-1071.00,1,role_taxonomy_v1,role_taxonomy_v2,False,False,not_relevant,not_relevant,DEFAULT_NOT_RELEVANT,STRONG_EXCLUSION_PATTERN,no_technical_evidence,sales_recruiting,NOT_REQUIRED,NOT_REQUIRED,NOT_RELEVANT:not_relevant -> NOT_RELEVANT:not_relevant
dol_perm,Senior Recruitment Consultant,13-1071.00,1,role_taxonomy_v1,role_taxonomy_v2,False,False,not_relevant,not_relevant,DEFAULT_NOT_RELEVANT,STRONG_EXCLUSION_PATTERN,no_technical_evidence,sales_recruiting,NOT_REQUIRED,NOT_REQUIRED,NOT_RELEVANT:not_relevant -> NOT_RELEVANT:not_relevant
dol_lca,Senior Recruitment Lead,13-1071.00,1,role_taxonomy_v1,role_taxonomy_v2,False,False,not_relevant,not_relevant,DEFAULT_NOT_RELEVANT,STRONG_EXCLUSION_PATTERN,no_technical_evidence,sales_recruiting,NOT_REQUIRED,NOT_REQUIRED,NOT_RELEVANT:not_relevant -> NOT_RELEVANT:not_relevant
dol_perm,Senior Recruitment Specialist,13-1071,1,role_taxonomy_v1,role_taxonomy_v2,False,False,not_relevant,not_relevant,DEFAULT_NOT_RELEVANT,STRONG_EXCLUSION_PATTERN,no_technical_evidence,sales_recruiting,NOT_REQUIRED,NOT_REQUIRED,NOT_RELEVANT:not_relevant -> NOT_RELEVANT:not_relevant
dol_perm,"Senior Recruitment Specialist, Cleantech",11-3121.00,1,role_taxonomy_v1,role_taxonomy_v2,False,False,not_relevant,not_relevant,DEFAULT_NOT_RELEVANT,STRONG_EXCLUSION_PATTERN,no_technical_evidence,sales_recruiting,NOT_REQUIRED,NOT_REQUIRED,NOT_RELEVANT:not_relevant -> NOT_RELEVANT:not_relevant
dol_perm,Senior Recruitment and Sales Consultant,13-1071,1,role_taxonomy_v1,role_taxonomy_v2,False,False,not_relevant,not_relevant,DEFAULT_NOT_RELEVANT,STRONG_EXCLUSION_PATTERN,no_technical_evidence,sales_recruiting,NOT_REQUIRED,NOT_REQUIRED,NOT_RELEVANT:not_relevant -> NOT_RELEVANT:not_relevant
dol_lca,Senior Researcher Executive Recruiting,13-1071.00,1,role_taxonomy_v1,role_taxonomy_v2,False,False,not_relevant,not_relevant,DEFAULT_NOT_RELEVANT,STRONG_EXCLUSION_PATTERN,no_technical_evidence,sales_recruiting,NOT_REQUIRED,NOT_REQUIRED,NOT_RELEVANT:not_relevant -> NOT_RELEVANT:not_relevant
dol_lca,Sr. International Recruitment Specialist,13-1161.00,1,role_taxonomy_v1,role_taxonomy_v2,False,False,not_relevant,not_relevant,DEFAULT_NOT_RELEVANT,STRONG_EXCLUSION_PATTERN,no_technical_evidence,sales_recruiting,NOT_REQUIRED,NOT_REQUIRED,NOT_RELEVANT:not_relevant -> NOT_RELEVANT:not_relevant
dol_perm,Technical Recruiting Lead,11-3121,1,role_taxonomy_v1,role_taxonomy_v2,False,False,not_relevant,not_relevant,DEFAULT_NOT_RELEVANT,STRONG_EXCLUSION_PATTERN,no_technical_evidence,sales_recruiting,NOT_REQUIRED,NOT_REQUIRED,NOT_RELEVANT:not_relevant -> NOT_RELEVANT:not_relevant
dol_lca,Technical Recruiting Manager,13-1071,1,role_taxonomy_v1,role_taxonomy_v2,False,False,not_relevant,not_relevant,DEFAULT_NOT_RELEVANT,STRONG_EXCLUSION_PATTERN,no_technical_evidence,sales_recruiting,NOT_REQUIRED,NOT_REQUIRED,NOT_RELEVANT:not_relevant -> NOT_RELEVANT:not_relevant
dol_lca,Technical Recruiting Manager,13-1071.00,1,role_taxonomy_v1,role_taxonomy_v2,False,False,not_relevant,not_relevant,DEFAULT_NOT_RELEVANT,STRONG_EXCLUSION_PATTERN,no_technical_evidence,sales_recruiting,NOT_REQUIRED,NOT_REQUIRED,NOT_RELEVANT:not_relevant -> NOT_RELEVANT:not_relevant
dol_perm,Technical Recruitment Account Manager,13-1071,1,role_taxonomy_v1,role_taxonomy_v2,False,False,not_relevant,not_relevant,DEFAULT_NOT_RELEVANT,STRONG_EXCLUSION_PATTERN,no_technical_evidence,sales_recruiting,NOT_REQUIRED,NOT_REQUIRED,NOT_RELEVANT:not_relevant -> NOT_RELEVANT:not_relevant
dol_perm,Technical Recruitment Manager,11-3121,1,role_taxonomy_v1,role_taxonomy_v2,False,False,not_relevant,not_relevant,DEFAULT_NOT_RELEVANT,STRONG_EXCLUSION_PATTERN,no_technical_evidence,sales_recruiting,NOT_REQUIRED,NOT_REQUIRED,NOT_RELEVANT:not_relevant -> NOT_RELEVANT:not_relevant
dol_perm,Technical Recruitment Manager,13-1071,1,role_taxonomy_v1,role_taxonomy_v2,False,False,not_relevant,not_relevant,DEFAULT_NOT_RELEVANT,STRONG_EXCLUSION_PATTERN,no_technical_evidence,sales_recruiting,NOT_REQUIRED,NOT_REQUIRED,NOT_RELEVANT:not_relevant -> NOT_RELEVANT:not_relevant
dol_lca,Technical Recruitment Specialist			,13-1071.00,1,role_taxonomy_v1,role_taxonomy_v2,False,False,not_relevant,not_relevant,DEFAULT_NOT_RELEVANT,STRONG_EXCLUSION_PATTERN,no_technical_evidence,sales_recruiting,NOT_REQUIRED,NOT_REQUIRED,NOT_RELEVANT:not_relevant -> NOT_RELEVANT:not_relevant
dol_lca,Technology Recruiting Manager,11-1021.00,1,role_taxonomy_v1,role_taxonomy_v2,False,False,not_relevant,not_relevant,DEFAULT_NOT_RELEVANT,STRONG_EXCLUSION_PATTERN,no_technical_evidence,sales_recruiting,NOT_REQUIRED,NOT_REQUIRED,NOT_RELEVANT:not_relevant -> NOT_RELEVANT:not_relevant
dol_perm,Training and Recruiting Coordinator,,1,role_taxonomy_v1,role_taxonomy_v2,False,False,not_relevant,not_relevant,DEFAULT_NOT_RELEVANT,STRONG_EXCLUSION_PATTERN,no_technical_evidence,sales_recruiting,NOT_REQUIRED,NOT_REQUIRED,NOT_RELEVANT:not_relevant -> NOT_RELEVANT:not_relevant
dol_perm,Vice President - ServiceNow Contract Recruitment/U.S.,11-1021,1,role_taxonomy_v1,role_taxonomy_v2,False,False,not_relevant,not_relevant,DEFAULT_NOT_RELEVANT,STRONG_EXCLUSION_PATTERN,no_technical_evidence,sales_recruiting,NOT_REQUIRED,NOT_REQUIRED,NOT_RELEVANT:not_relevant -> NOT_RELEVANT:not_relevant
dol_lca,"Vice President, Recruiting ",11-3121.00,1,role_taxonomy_v1,role_taxonomy_v2,False,False,not_relevant,not_relevant,DEFAULT_NOT_RELEVANT,STRONG_EXCLUSION_PATTERN,no_technical_evidence,sales_recruiting,NOT_REQUIRED,NOT_REQUIRED,NOT_RELEVANT:not_relevant -> NOT_RELEVANT:not_relevant
dol_perm,Hybrid Cloud Infrastructure Architect,15-1143,1,role_taxonomy_v1,role_taxonomy_v2,False,True,not_relevant,cloud,DEFAULT_NOT_RELEVANT,STRONG_TITLE_PATTERN,no_technical_evidence,cloud,NOT_REQUIRED,NOT_REQUIRED,NOT_RELEVANT:not_relevant -> TECHNICAL:cloud
dol_perm,Senior Cloud Infrastructure Architect,,1,role_taxonomy_v1,role_taxonomy_v2,False,True,not_relevant,cloud,DEFAULT_NOT_RELEVANT,STRONG_TITLE_PATTERN,no_technical_evidence,cloud,NOT_REQUIRED,NOT_REQUIRED,NOT_RELEVANT:not_relevant -> TECHNICAL:cloud
dol_lca,Assistant Professor of Biomedical Physics,25-1021.00,1,role_taxonomy_v1,role_taxonomy_v2,True,False,computer_science_research,not_relevant,SOC_MAPPING,STRONG_EXCLUSION_PATTERN,soc_mapping:3,biological_chemical,NOT_REQUIRED,NOT_REQUIRED,TECHNICAL:computer_science_research -> NOT_RELEVANT:not_relevant
dol_lca,Biomedical Informatics Research Specialist,15-1111.00,1,role_taxonomy_v1,role_taxonomy_v2,True,False,computer_science_research,not_relevant,SOC_MAPPING,STRONG_EXCLUSION_PATTERN,soc_mapping:3,biological_chemical,NOT_REQUIRED,NOT_REQUIRED,TECHNICAL:computer_science_research -> NOT_RELEVANT:not_relevant
dol_lca,PRODUCT MANAGER,15-1111.00,1,role_taxonomy_v1,role_taxonomy_v2,True,False,computer_science_research,not_relevant,SOC_MAPPING,STRONG_EXCLUSION_PATTERN,soc_mapping:3,nontechnical_management_analysis,NOT_REQUIRED,NOT_REQUIRED,TECHNICAL:computer_science_research -> NOT_RELEVANT:not_relevant
dol_perm,Product Manager,15-1221.00,1,role_taxonomy_v1,role_taxonomy_v2,True,False,computer_science_research,not_relevant,SOC_MAPPING,STRONG_EXCLUSION_PATTERN,soc_mapping:3,nontechnical_management_analysis,NOT_REQUIRED,NOT_REQUIRED,TECHNICAL:computer_science_research -> NOT_RELEVANT:not_relevant
dol_lca,Postdoc Res Assc-Biomedical Natural Language Processing,15-1221.00,1,role_taxonomy_v1,role_taxonomy_v2,True,True,computer_science_research,machine_learning_ai,SOC_MAPPING,STRONG_TITLE_PATTERN,soc_mapping:3,machine_learning_ai,NOT_REQUIRED,NOT_REQUIRED,TECHNICAL:computer_science_research -> TECHNICAL:machine_learning_ai
dol_lca,Sr. Research Engineer - Biological Imaging & Computer Vision,15-1221.00,1,role_taxonomy_v1,role_taxonomy_v2,True,True,computer_science_research,machine_learning_ai,SOC_MAPPING,STRONG_TITLE_PATTERN,soc_mapping:3,machine_learning_ai,NOT_REQUIRED,NOT_REQUIRED,TECHNICAL:computer_science_research -> TECHNICAL:machine_learning_ai
dol_perm, Associate,15-1243.01,1,role_taxonomy_v1,role_taxonomy_v2,True,False,data_engineering,not_relevant,SOC_MAPPING,STRONG_EXCLUSION_PATTERN,soc_mapping:1,nontechnical_management_analysis,NOT_REQUIRED,NOT_REQUIRED,TECHNICAL:data_engineering -> NOT_RELEVANT:not_relevant
dol_lca,Associate,15-1241,1,role_taxonomy_v1,role_taxonomy_v2,True,False,data_engineering,not_relevant,SOC_MAPPING,STRONG_EXCLUSION_PATTERN,soc_mapping:1,nontechnical_management_analysis,NOT_REQUIRED,NOT_REQUIRED,TECHNICAL:data_engineering -> NOT_RELEVANT:not_relevant
dol_lca,Associate ,15-1243.00,1,role_taxonomy_v1,role_taxonomy_v2,True,False,data_engineering,not_relevant,SOC_MAPPING,STRONG_EXCLUSION_PATTERN,soc_mapping:1,nontechnical_management_analysis,NOT_REQUIRED,NOT_REQUIRED,TECHNICAL:data_engineering -> NOT_RELEVANT:not_relevant
dol_perm,Associate Sales Engineer,15-1241.00,1,role_taxonomy_v1,role_taxonomy_v2,True,False,data_engineering,not_relevant,SOC_MAPPING,STRONG_EXCLUSION_PATTERN,soc_mapping:1,sales_recruiting,NOT_REQUIRED,NOT_REQUIRED,TECHNICAL:data_engineering -> NOT_RELEVANT:not_relevant
dol_lca,BUSINESS ANALYST,15-1243.01,1,role_taxonomy_v1,role_taxonomy_v2,True,False,data_engineering,not_relevant,SOC_MAPPING,STRONG_EXCLUSION_PATTERN,soc_mapping:1,nontechnical_management_analysis,NOT_REQUIRED,NOT_REQUIRED,TECHNICAL:data_engineering -> NOT_RELEVANT:not_relevant
dol_perm,Business Analyst,15-1243.00,1,role_taxonomy_v1,role_taxonomy_v2,True,False,data_engineering,not_relevant,SOC_MAPPING,STRONG_EXCLUSION_PATTERN,soc_mapping:1,nontechnical_management_analysis,NOT_REQUIRED,NOT_REQUIRED,TECHNICAL:data_engineering -> NOT_RELEVANT:not_relevant
dol_perm,Consultant,15-1241.00,1,role_taxonomy_v1,role_taxonomy_v2,True,False,data_engineering,not_relevant,SOC_MAPPING,STRONG_EXCLUSION_PATTERN,soc_mapping:1,nontechnical_management_analysis,NOT_REQUIRED,NOT_REQUIRED,TECHNICAL:data_engineering -> NOT_RELEVANT:not_relevant
dol_perm,Consultant,15-1243.00,1,role_taxonomy_v1,role_taxonomy_v2,True,False,data_engineering,not_relevant,SOC_MAPPING,STRONG_EXCLUSION_PATTERN,soc_mapping:1,nontechnical_management_analysis,NOT_REQUIRED,NOT_REQUIRED,TECHNICAL:data_engineering -> NOT_RELEVANT:not_relevant
dol_lca,Consultant,15-1243.01,1,role_taxonomy_v1,role_taxonomy_v2,True,False,data_engineering,not_relevant,SOC_MAPPING,STRONG_EXCLUSION_PATTERN,soc_mapping:1,nontechnical_management_analysis,NOT_REQUIRED,NOT_REQUIRED,TECHNICAL:data_engineering -> NOT_RELEVANT:not_relevant
dol_perm,Consultant ,15-1243.01,1,role_taxonomy_v1,role_taxonomy_v2,True,False,data_engineering,not_relevant,SOC_MAPPING,STRONG_EXCLUSION_PATTERN,soc_mapping:1,nontechnical_management_analysis,NOT_REQUIRED,NOT_REQUIRED,TECHNICAL:data_engineering -> NOT_RELEVANT:not_relevant
dol_lca,Consulting Sales Engineer,15-1241.00,1,role_taxonomy_v1,role_taxonomy_v2,True,False,data_engineering,not_relevant,SOC_MAPPING,STRONG_EXCLUSION_PATTERN,soc_mapping:1,sales_recruiting,NOT_REQUIRED,NOT_REQUIRED,TECHNICAL:data_engineering -> NOT_RELEVANT:not_relevant
dol_perm,Director,15-1243.01,1,role_taxonomy_v1,role_taxonomy_v2,True,False,data_engineering,not_relevant,SOC_MAPPING,STRONG_EXCLUSION_PATTERN,soc_mapping:1,nontechnical_management_analysis,NOT_REQUIRED,NOT_REQUIRED,TECHNICAL:data_engineering -> NOT_RELEVANT:not_relevant
dol_perm,Director ,15-1243.01,1,role_taxonomy_v1,role_taxonomy_v2,True,False,data_engineering,not_relevant,SOC_MAPPING,STRONG_EXCLUSION_PATTERN,soc_mapping:1,nontechnical_management_analysis,NOT_REQUIRED,NOT_REQUIRED,TECHNICAL:data_engineering -> NOT_RELEVANT:not_relevant
dol_perm,Manager,15-1243.00,1,role_taxonomy_v1,role_taxonomy_v2,True,False,data_engineering,not_relevant,SOC_MAPPING,STRONG_EXCLUSION_PATTERN,soc_mapping:1,nontechnical_management_analysis,NOT_REQUIRED,NOT_REQUIRED,TECHNICAL:data_engineering -> NOT_RELEVANT:not_relevant
dol_perm,Manager,15-1243.01,1,role_taxonomy_v1,role_taxonomy_v2,True,False,data_engineering,not_relevant,SOC_MAPPING,STRONG_EXCLUSION_PATTERN,soc_mapping:1,nontechnical_management_analysis,NOT_REQUIRED,NOT_REQUIRED,TECHNICAL:data_engineering -> NOT_RELEVANT:not_relevant
dol_lca,Product Manager,15-1241.00,1,role_taxonomy_v1,role_taxonomy_v2,True,False,data_engineering,not_relevant,SOC_MAPPING,STRONG_EXCLUSION_PATTERN,soc_mapping:1,nontechnical_management_analysis,NOT_REQUIRED,NOT_REQUIRED,TECHNICAL:data_engineering -> NOT_RELEVANT:not_relevant
dol_perm,Project Manager,15-1243.00,1,role_taxonomy_v1,role_taxonomy_v2,True,False,data_engineering,not_relevant,SOC_MAPPING,STRONG_EXCLUSION_PATTERN,soc_mapping:1,nontechnical_management_analysis,NOT_REQUIRED,NOT_REQUIRED,TECHNICAL:data_engineering -> NOT_RELEVANT:not_relevant
dol_lca,Sales Engineer - Enterprise ,15-1243.00,1,role_taxonomy_v1,role_taxonomy_v2,True,False,data_engineering,not_relevant,SOC_MAPPING,STRONG_EXCLUSION_PATTERN,soc_mapping:1,sales_recruiting,NOT_REQUIRED,NOT_REQUIRED,TECHNICAL:data_engineering -> NOT_RELEVANT:not_relevant
dol_perm,Sr. Associate Sales Engineer [SA.ASRS.P2],15-1241.00,1,role_taxonomy_v1,role_taxonomy_v2,True,False,data_engineering,not_relevant,SOC_MAPPING,STRONG_EXCLUSION_PATTERN,soc_mapping:1,sales_recruiting,NOT_REQUIRED,NOT_REQUIRED,TECHNICAL:data_engineering -> NOT_RELEVANT:not_relevant
dol_lca,Biomedical Informatics Software Engineer II,15-1243.00,1,role_taxonomy_v1,role_taxonomy_v2,True,True,data_engineering,software_engineering,SOC_MAPPING,STRONG_TITLE_PATTERN,soc_mapping:1,software_engineering,NOT_REQUIRED,NOT_REQUIRED,TECHNICAL:data_engineering -> TECHNICAL:software_engineering
dol_perm, Business Analyst,15-2051.01,1,role_taxonomy_v1,role_taxonomy_v2,True,False,data_science,not_relevant,SOC_MAPPING,STRONG_EXCLUSION_PATTERN,soc_mapping:4,nontechnical_management_analysis,NOT_REQUIRED,NOT_REQUIRED,TECHNICAL:data_science -> NOT_RELEVANT:not_relevant
dol_lca,ASSOCIATE ,15-2051.01,1,role_taxonomy_v1,role_taxonomy_v2,True,False,data_science,not_relevant,SOC_MAPPING,STRONG_EXCLUSION_PATTERN,soc_mapping:4,nontechnical_management_analysis,NOT_REQUIRED,NOT_REQUIRED,TECHNICAL:data_science -> NOT_RELEVANT:not_relevant
dol_perm,Associate ,15-2051.00,1,role_taxonomy_v1,role_taxonomy_v2,True,False,data_science,not_relevant,SOC_MAPPING,STRONG_EXCLUSION_PATTERN,soc_mapping:4,nontechnical_management_analysis,NOT_REQUIRED,NOT_REQUIRED,TECHNICAL:data_science -> NOT_RELEVANT:not_relevant
dol_perm,BIOMEDICAL DATA SPECIALIST,15-2051.02,1,role_taxonomy_v1,role_taxonomy_v2,True,False,data_science,not_relevant,SOC_MAPPING,STRONG_EXCLUSION_PATTERN,soc_mapping:4,biological_chemical,NOT_REQUIRED,NOT_REQUIRED,TECHNICAL:data_science -> NOT_RELEVANT:not_relevant
dol_lca,BUSINESS   ANALYST,15-2051.01,1,role_taxonomy_v1,role_taxonomy_v2,True,False,data_science,not_relevant,SOC_MAPPING,STRONG_EXCLUSION_PATTERN,soc_mapping:4,nontechnical_management_analysis,NOT_REQUIRED,NOT_REQUIRED,TECHNICAL:data_science -> NOT_RELEVANT:not_relevant
dol_perm,BUSINESS  ANALYST,15-2051.01,1,role_taxonomy_v1,role_taxonomy_v2,True,False,data_science,not_relevant,SOC_MAPPING,STRONG_EXCLUSION_PATTERN,soc_mapping:4,nontechnical_management_analysis,NOT_REQUIRED,NOT_REQUIRED,TECHNICAL:data_science -> NOT_RELEVANT:not_relevant
dol_perm,BUSINESS ANALYST,15-2051.00,1,role_taxonomy_v1,role_taxonomy_v2,True,False,data_science,not_relevant,SOC_MAPPING,STRONG_EXCLUSION_PATTERN,soc_mapping:4,nontechnical_management_analysis,NOT_REQUIRED,NOT_REQUIRED,TECHNICAL:data_science -> NOT_RELEVANT:not_relevant
dol_lca,Biological Data Science Analyst,15-2051.00,1,role_taxonomy_v1,role_taxonomy_v2,True,False,data_science,not_relevant,SOC_MAPPING,STRONG_EXCLUSION_PATTERN,soc_mapping:4,biological_chemical,NOT_REQUIRED,NOT_REQUIRED,TECHNICAL:data_science -> NOT_RELEVANT:not_relevant
dol_lca,Business  Analyst,15-2051.01,1,role_taxonomy_v1,role_taxonomy_v2,True,False,data_science,not_relevant,SOC_MAPPING,STRONG_EXCLUSION_PATTERN,soc_mapping:4,nontechnical_management_analysis,NOT_REQUIRED,NOT_REQUIRED,TECHNICAL:data_science -> NOT_RELEVANT:not_relevant
dol_perm,Business Analyst,15-2051.02,1,role_taxonomy_v1,role_taxonomy_v2,True,False,data_science,not_relevant,SOC_MAPPING,STRONG_EXCLUSION_PATTERN,soc_mapping:4,nontechnical_management_analysis,NOT_REQUIRED,NOT_REQUIRED,TECHNICAL:data_science -> NOT_RELEVANT:not_relevant
dol_lca,Business Analyst  ,15-2051.01,1,role_taxonomy_v1,role_taxonomy_v2,True,False,data_science,not_relevant,SOC_MAPPING,STRONG_EXCLUSION_PATTERN,soc_mapping:4,nontechnical_management_analysis,NOT_REQUIRED,NOT_REQUIRED,TECHNICAL:data_science -> NOT_RELEVANT:not_relevant
dol_lca,Business Analyst ,15-2051.01,1,role_taxonomy_v1,role_taxonomy_v2,True,False,data_science,not_relevant,SOC_MAPPING,STRONG_EXCLUSION_PATTERN,soc_mapping:4,nontechnical_management_analysis,NOT_REQUIRED,NOT_REQUIRED,TECHNICAL:data_science -> NOT_RELEVANT:not_relevant
dol_lca,Business Analyst¿ ,15-2051.01,1,role_taxonomy_v1,role_taxonomy_v2,True,False,data_science,not_relevant,SOC_MAPPING,STRONG_EXCLUSION_PATTERN,soc_mapping:4,nontechnical_management_analysis,NOT_REQUIRED,NOT_REQUIRED,TECHNICAL:data_science -> NOT_RELEVANT:not_relevant
dol_lca,Business Intelligence Account Executive,15-2051.01,1,role_taxonomy_v1,role_taxonomy_v2,True,False,data_science,not_relevant,SOC_MAPPING,STRONG_EXCLUSION_PATTERN,soc_mapping:4,sales_recruiting,NOT_REQUIRED,NOT_REQUIRED,TECHNICAL:data_science -> NOT_RELEVANT:not_relevant
dol_perm,Business analyst,15-2051.01,1,role_taxonomy_v1,role_taxonomy_v2,True,False,data_science,not_relevant,SOC_MAPPING,STRONG_EXCLUSION_PATTERN,soc_mapping:4,nontechnical_management_analysis,NOT_REQUIRED,NOT_REQUIRED,TECHNICAL:data_science -> NOT_RELEVANT:not_relevant
dol_perm,CONSULTANT,15-2051.00,1,role_taxonomy_v1,role_taxonomy_v2,True,False,data_science,not_relevant,SOC_MAPPING,STRONG_EXCLUSION_PATTERN,soc_mapping:4,nontechnical_management_analysis,NOT_REQUIRED,NOT_REQUIRED,TECHNICAL:data_science -> NOT_RELEVANT:not_relevant
dol_lca,Consultant ,15-2051.01,1,role_taxonomy_v1,role_taxonomy_v2,True,False,data_science,not_relevant,SOC_MAPPING,STRONG_EXCLUSION_PATTERN,soc_mapping:4,nontechnical_management_analysis,NOT_REQUIRED,NOT_REQUIRED,TECHNICAL:data_science -> NOT_RELEVANT:not_relevant
dol_perm,Consultant ,15-2051.01,1,role_taxonomy_v1,role_taxonomy_v2,True,False,data_science,not_relevant,SOC_MAPPING,STRONG_EXCLUSION_PATTERN,soc_mapping:4,nontechnical_management_analysis,NOT_REQUIRED,NOT_REQUIRED,TECHNICAL:data_science -> NOT_RELEVANT:not_relevant
dol_lca,"Data Analyst, QA Nursing",15-2051.00,1,role_taxonomy_v1,role_taxonomy_v2,True,False,data_science,not_relevant,SOC_MAPPING,STRONG_EXCLUSION_PATTERN,soc_mapping:4,medical,NOT_REQUIRED,NOT_REQUIRED,TECHNICAL:data_science -> NOT_RELEVANT:not_relevant
dol_lca,Deployment Strategist Intern,15-2051.00,1,role_taxonomy_v1,role_taxonomy_v2,True,False,data_science,not_relevant,SOC_MAPPING,STRONG_EXCLUSION_PATTERN,soc_mapping:4,internships,NOT_REQUIRED,NOT_REQUIRED,TECHNICAL:data_science -> NOT_RELEVANT:not_relevant
dol_perm,Director,15-2051.00,1,role_taxonomy_v1,role_taxonomy_v2,True,False,data_science,not_relevant,SOC_MAPPING,STRONG_EXCLUSION_PATTERN,soc_mapping:4,nontechnical_management_analysis,NOT_REQUIRED,NOT_REQUIRED,TECHNICAL:data_science -> NOT_RELEVANT:not_relevant
dol_perm,Director,15-2051.01,1,role_taxonomy_v1,role_taxonomy_v2,True,False,data_science,not_relevant,SOC_MAPPING,STRONG_EXCLUSION_PATTERN,soc_mapping:4,nontechnical_management_analysis,NOT_REQUIRED,NOT_REQUIRED,TECHNICAL:data_science -> NOT_RELEVANT:not_relevant
dol_perm,HR Specialist-IT Recruitment,15-2051.01,1,role_taxonomy_v1,role_taxonomy_v2,True,False,data_science,not_relevant,SOC_MAPPING,STRONG_EXCLUSION_PATTERN,soc_mapping:4,sales_recruiting,NOT_REQUIRED,NOT_REQUIRED,TECHNICAL:data_science -> NOT_RELEVANT:not_relevant
dol_lca,Head of Talent Acquisition & Workforce Management Analytics ,15-2051.01,1,role_taxonomy_v1,role_taxonomy_v2,True,False,data_science,not_relevant,SOC_MAPPING,STRONG_EXCLUSION_PATTERN,soc_mapping:4,sales_recruiting,NOT_REQUIRED,NOT_REQUIRED,TECHNICAL:data_science -> NOT_RELEVANT:not_relevant
dol_lca,Intern - Operations Data Analysis,15-2051.00,1,role_taxonomy_v1,role_taxonomy_v2,True,False,data_science,not_relevant,SOC_MAPPING,STRONG_EXCLUSION_PATTERN,soc_mapping:4,internships,NOT_REQUIRED,NOT_REQUIRED,TECHNICAL:data_science -> NOT_RELEVANT:not_relevant
dol_lca,Manager,15-2051.02,1,role_taxonomy_v1,role_taxonomy_v2,True,False,data_science,not_relevant,SOC_MAPPING,STRONG_EXCLUSION_PATTERN,soc_mapping:4,nontechnical_management_analysis,NOT_REQUIRED,NOT_REQUIRED,TECHNICAL:data_science -> NOT_RELEVANT:not_relevant
dol_perm,Manager ,15-2051.01,1,role_taxonomy_v1,role_taxonomy_v2,True,False,data_science,not_relevant,SOC_MAPPING,STRONG_EXCLUSION_PATTERN,soc_mapping:4,nontechnical_management_analysis,NOT_REQUIRED,NOT_REQUIRED,TECHNICAL:data_science -> NOT_RELEVANT:not_relevant
dol_lca,PRODUCT MANAGER,15-2051.01,1,role_taxonomy_v1,role_taxonomy_v2,True,False,data_science,not_relevant,SOC_MAPPING,STRONG_EXCLUSION_PATTERN,soc_mapping:4,nontechnical_management_analysis,NOT_REQUIRED,NOT_REQUIRED,TECHNICAL:data_science -> NOT_RELEVANT:not_relevant
dol_lca,Principal Biomedical Database Manager,15-2051.02,1,role_taxonomy_v1,role_taxonomy_v2,True,False,data_science,not_relevant,SOC_MAPPING,STRONG_EXCLUSION_PATTERN,soc_mapping:4,biological_chemical,NOT_REQUIRED,NOT_REQUIRED,TECHNICAL:data_science -> NOT_RELEVANT:not_relevant
dol_perm,Product Manager ,15-2051.01,1,role_taxonomy_v1,role_taxonomy_v2,True,False,data_science,not_relevant,SOC_MAPPING,STRONG_EXCLUSION_PATTERN,soc_mapping:4,nontechnical_management_analysis,NOT_REQUIRED,NOT_REQUIRED,TECHNICAL:data_science -> NOT_RELEVANT:not_relevant
dol_lca,Product Manager  ,15-2051.01,1,role_taxonomy_v1,role_taxonomy_v2,True,False,data_science,not_relevant,SOC_MAPPING,STRONG_EXCLUSION_PATTERN,soc_mapping:4,nontechnical_management_analysis,NOT_REQUIRED,NOT_REQUIRED,TECHNICAL:data_science -> NOT_RELEVANT:not_relevant
dol_lca,Project Manager,15-2051.01,1,role_taxonomy_v1,role_taxonomy_v2,True,False,data_science,not_relevant,SOC_MAPPING,STRONG_EXCLUSION_PATTERN,soc_mapping:4,nontechnical_management_analysis,NOT_REQUIRED,NOT_REQUIRED,TECHNICAL:data_science -> NOT_RELEVANT:not_relevant
dol_perm,Project Manager,15-2051.01,1,role_taxonomy_v1,role_taxonomy_v2,True,False,data_science,not_relevant,SOC_MAPPING,STRONG_EXCLUSION_PATTERN,soc_mapping:4,nontechnical_management_analysis,NOT_REQUIRED,NOT_REQUIRED,TECHNICAL:data_science -> NOT_RELEVANT:not_relevant
dol_perm,Recruiting Analyst,15-2051.00,1,role_taxonomy_v1,role_taxonomy_v2,True,False,data_science,not_relevant,SOC_MAPPING,STRONG_EXCLUSION_PATTERN,soc_mapping:4,sales_recruiting,NOT_REQUIRED,NOT_REQUIRED,TECHNICAL:data_science -> NOT_RELEVANT:not_relevant
dol_lca,Sales Engineer,15-2051.00,1,role_taxonomy_v1,role_taxonomy_v2,True,False,data_science,not_relevant,SOC_MAPPING,STRONG_EXCLUSION_PATTERN,soc_mapping:4,sales_recruiting,NOT_REQUIRED,NOT_REQUIRED,TECHNICAL:data_science -> NOT_RELEVANT:not_relevant
dol_lca,Senior Biomedical Data Specialist,15-2051.00,1,role_taxonomy_v1,role_taxonomy_v2,True,False,data_science,not_relevant,SOC_MAPPING,STRONG_EXCLUSION_PATTERN,soc_mapping:4,biological_chemical,NOT_REQUIRED,NOT_REQUIRED,TECHNICAL:data_science -> NOT_RELEVANT:not_relevant
dol_lca,"Senior Sales Engineer, Pricing Specialist",15-2051.01,1,role_taxonomy_v1,role_taxonomy_v2,True,False,data_science,not_relevant,SOC_MAPPING,STRONG_EXCLUSION_PATTERN,soc_mapping:4,sales_recruiting,NOT_REQUIRED,NOT_REQUIRED,TECHNICAL:data_science -> NOT_RELEVANT:not_relevant
dol_lca,"Specialist, Recruitment Production",15-2051.01,1,role_taxonomy_v1,role_taxonomy_v2,True,False,data_science,not_relevant,SOC_MAPPING,STRONG_EXCLUSION_PATTERN,soc_mapping:4,sales_recruiting,NOT_REQUIRED,NOT_REQUIRED,TECHNICAL:data_science -> NOT_RELEVANT:not_relevant
dol_lca,Talent Acquisition Analyst,15-2051.01,1,role_taxonomy_v1,role_taxonomy_v2,True,False,data_science,not_relevant,SOC_MAPPING,STRONG_EXCLUSION_PATTERN,soc_mapping:4,sales_recruiting,NOT_REQUIRED,NOT_REQUIRED,TECHNICAL:data_science -> NOT_RELEVANT:not_relevant
dol_lca,Technical Solutions Account Executive,15-2051.01,1,role_taxonomy_v1,role_taxonomy_v2,True,False,data_science,not_relevant,SOC_MAPPING,STRONG_EXCLUSION_PATTERN,soc_mapping:4,sales_recruiting,NOT_REQUIRED,NOT_REQUIRED,TECHNICAL:data_science -> NOT_RELEVANT:not_relevant
dol_lca,Data Engineer in Biomedical Informatics,15-2051.00,1,role_taxonomy_v1,role_taxonomy_v2,True,True,data_science,data_engineering,SOC_MAPPING,STRONG_TITLE_PATTERN,soc_mapping:4,data_engineering,NOT_REQUIRED,NOT_REQUIRED,TECHNICAL:data_science -> TECHNICAL:data_engineering
dol_perm,Biomedical Data Scientist,15-2051.00,1,role_taxonomy_v1,role_taxonomy_v2,True,True,data_science,data_science,SOC_MAPPING,STRONG_TITLE_PATTERN,soc_mapping:4,data_science,NOT_REQUIRED,NOT_REQUIRED,TECHNICAL:data_science -> TECHNICAL:data_science
dol_lca,Data Scientist (Biomedical Engineer),15-2051.00,1,role_taxonomy_v1,role_taxonomy_v2,True,True,data_science,data_science,SOC_MAPPING,STRONG_TITLE_PATTERN,soc_mapping:4,data_science,NOT_REQUIRED,NOT_REQUIRED,TECHNICAL:data_science -> TECHNICAL:data_science
dol_perm,Systems Biology Data Scientist,15-2051.00,1,role_taxonomy_v1,role_taxonomy_v2,True,True,data_science,data_science,SOC_MAPPING,STRONG_TITLE_PATTERN,soc_mapping:4,data_science,NOT_REQUIRED,NOT_REQUIRED,TECHNICAL:data_science -> TECHNICAL:data_science
dol_lca,Biomedical Data Manager,15-2051.02,1,role_taxonomy_v1,role_taxonomy_v2,True,True,data_science,technical_management_related,SOC_MAPPING,STRONG_TITLE_PATTERN,soc_mapping:4,technical_management,NOT_REQUIRED,NOT_REQUIRED,TECHNICAL:data_science -> TECHNICAL:technical_management_related
dol_lca, Manager,15-1199.09,1,role_taxonomy_v1,role_taxonomy_v2,True,False,other_computing,not_relevant,SOC_MAPPING,STRONG_EXCLUSION_PATTERN,soc_mapping:6,nontechnical_management_analysis,NOT_REQUIRED,NOT_REQUIRED,TECHNICAL:other_computing -> NOT_RELEVANT:not_relevant
dol_lca, Manager,15-1299.00,1,role_taxonomy_v1,role_taxonomy_v2,True,False,other_computing,not_relevant,SOC_MAPPING,STRONG_EXCLUSION_PATTERN,soc_mapping:6,nontechnical_management_analysis,NOT_REQUIRED,NOT_REQUIRED,TECHNICAL:other_computing -> NOT_RELEVANT:not_relevant
dol_lca, Product Manager,15-1299.09,1,role_taxonomy_v1,role_taxonomy_v2,True,False,other_computing,not_relevant,SOC_MAPPING,STRONG_EXCLUSION_PATTERN,soc_mapping:6,nontechnical_management_analysis,NOT_REQUIRED,NOT_REQUIRED,TECHNICAL:other_computing -> NOT_RELEVANT:not_relevant
dol_perm,*Manager,15-1199,1,role_taxonomy_v1,role_taxonomy_v2,True,False,other_computing,not_relevant,SOC_MAPPING,STRONG_EXCLUSION_PATTERN,soc_mapping:6,nontechnical_management_analysis,NOT_REQUIRED,NOT_REQUIRED,TECHNICAL:other_computing -> NOT_RELEVANT:not_relevant
dol_lca,ASSOCIATE,15-1199.09,1,role_taxonomy_v1,role_taxonomy_v2,True,False,other_computing,not_relevant,SOC_MAPPING,STRONG_EXCLUSION_PATTERN,soc_mapping:6,nontechnical_management_analysis,NOT_REQUIRED,NOT_REQUIRED,TECHNICAL:other_computing -> NOT_RELEVANT:not_relevant
dol_lca,ASSOCIATE,15-1299.08,1,role_taxonomy_v1,role_taxonomy_v2,True,False,other_computing,not_relevant,SOC_MAPPING,STRONG_EXCLUSION_PATTERN,soc_mapping:6,nontechnical_management_analysis,NOT_REQUIRED,NOT_REQUIRED,TECHNICAL:other_computing -> NOT_RELEVANT:not_relevant
dol_lca,Account Executive,15-1299.00,1,role_taxonomy_v1,role_taxonomy_v2,True,False,other_computing,not_relevant,SOC_MAPPING,STRONG_EXCLUSION_PATTERN,soc_mapping:6,sales_recruiting,NOT_REQUIRED,NOT_REQUIRED,TECHNICAL:other_computing -> NOT_RELEVANT:not_relevant
dol_lca,"Account Executive, Enterprise (Tech) - Slack",15-1299.09,1,role_taxonomy_v1,role_taxonomy_v2,True,False,other_computing,not_relevant,SOC_MAPPING,STRONG_EXCLUSION_PATTERN,soc_mapping:6,sales_recruiting,NOT_REQUIRED,NOT_REQUIRED,TECHNICAL:other_computing -> NOT_RELEVANT:not_relevant
dol_lca,"Account Executive, Slack Specialist",15-1299.09,1,role_taxonomy_v1,role_taxonomy_v2,True,False,other_computing,not_relevant,SOC_MAPPING,STRONG_EXCLUSION_PATTERN,soc_mapping:6,sales_recruiting,NOT_REQUIRED,NOT_REQUIRED,TECHNICAL:other_computing -> NOT_RELEVANT:not_relevant
dol_lca,Assistant Professor,15-1299.08,1,role_taxonomy_v1,role_taxonomy_v2,True,False,other_computing,not_relevant,SOC_MAPPING,STRONG_EXCLUSION_PATTERN,soc_mapping:6,noncomputing_faculty,NOT_REQUIRED,NOT_REQUIRED,TECHNICAL:other_computing -> NOT_RELEVANT:not_relevant
dol_lca,Associate,15-1299.02,1,role_taxonomy_v1,role_taxonomy_v2,True,False,other_computing,not_relevant,SOC_MAPPING,STRONG_EXCLUSION_PATTERN,soc_mapping:6,nontechnical_management_analysis,NOT_REQUIRED,NOT_REQUIRED,TECHNICAL:other_computing -> NOT_RELEVANT:not_relevant
dol_lca,Associate ,15-1299.00,1,role_taxonomy_v1,role_taxonomy_v2,True,False,other_computing,not_relevant,SOC_MAPPING,STRONG_EXCLUSION_PATTERN,soc_mapping:6,nontechnical_management_analysis,NOT_REQUIRED,NOT_REQUIRED,TECHNICAL:other_computing -> NOT_RELEVANT:not_relevant
dol_lca,Associate Sales Engineer,15-1199.02,1,role_taxonomy_v1,role_taxonomy_v2,True,False,other_computing,not_relevant,SOC_MAPPING,STRONG_EXCLUSION_PATTERN,soc_mapping:6,sales_recruiting,NOT_REQUIRED,NOT_REQUIRED,TECHNICAL:other_computing -> NOT_RELEVANT:not_relevant
dol_lca,BUSINESS ANALYST,15-1199.01,1,role_taxonomy_v1,role_taxonomy_v2,True,False,other_computing,not_relevant,SOC_MAPPING,STRONG_EXCLUSION_PATTERN,soc_mapping:6,nontechnical_management_analysis,NOT_REQUIRED,NOT_REQUIRED,TECHNICAL:other_computing -> NOT_RELEVANT:not_relevant
dol_lca,BUSINESS ANALYST,15-1199.02,1,role_taxonomy_v1,role_taxonomy_v2,True,False,other_computing,not_relevant,SOC_MAPPING,STRONG_EXCLUSION_PATTERN,soc_mapping:6,nontechnical_management_analysis,NOT_REQUIRED,NOT_REQUIRED,TECHNICAL:other_computing -> NOT_RELEVANT:not_relevant
dol_lca,Business  Analyst  ,15-1299.00,1,role_taxonomy_v1,role_taxonomy_v2,True,False,other_computing,not_relevant,SOC_MAPPING,STRONG_EXCLUSION_PATTERN,soc_mapping:6,nontechnical_management_analysis,NOT_REQUIRED,NOT_REQUIRED,TECHNICAL:other_computing -> NOT_RELEVANT:not_relevant
dol_lca,Business  Analyst  ,15-1299.08,1,role_taxonomy_v1,role_taxonomy_v2,True,False,other_computing,not_relevant,SOC_MAPPING,STRONG_EXCLUSION_PATTERN,soc_mapping:6,nontechnical_management_analysis,NOT_REQUIRED,NOT_REQUIRED,TECHNICAL:other_computing -> NOT_RELEVANT:not_relevant
dol_lca,Business Analyst,15-1199.06,1,role_taxonomy_v1,role_taxonomy_v2,True,False,other_computing,not_relevant,SOC_MAPPING,STRONG_EXCLUSION_PATTERN,soc_mapping:6,nontechnical_management_analysis,NOT_REQUIRED,NOT_REQUIRED,TECHNICAL:other_computing -> NOT_RELEVANT:not_relevant
dol_lca,Business Analyst ,15-1299.08,1,role_taxonomy_v1,role_taxonomy_v2,True,False,other_computing,not_relevant,SOC_MAPPING,STRONG_EXCLUSION_PATTERN,soc_mapping:6,nontechnical_management_analysis,NOT_REQUIRED,NOT_REQUIRED,TECHNICAL:other_computing -> NOT_RELEVANT:not_relevant
dol_lca,Business Analyst ,15-1299.09,1,role_taxonomy_v1,role_taxonomy_v2,True,False,other_computing,not_relevant,SOC_MAPPING,STRONG_EXCLUSION_PATTERN,soc_mapping:6,nontechnical_management_analysis,NOT_REQUIRED,NOT_REQUIRED,TECHNICAL:other_computing -> NOT_RELEVANT:not_relevant
dol_lca,Business analyst,15-1299.09,1,role_taxonomy_v1,role_taxonomy_v2,True,False,other_computing,not_relevant,SOC_MAPPING,STRONG_EXCLUSION_PATTERN,soc_mapping:6,nontechnical_management_analysis,NOT_REQUIRED,NOT_REQUIRED,TECHNICAL:other_computing -> NOT_RELEVANT:not_relevant
dol_perm,CONSULTANT,15-1199,1,role_taxonomy_v1,role_taxonomy_v2,True,False,other_computing,not_relevant,SOC_MAPPING,STRONG_EXCLUSION_PATTERN,soc_mapping:6,nontechnical_management_analysis,NOT_REQUIRED,NOT_REQUIRED,TECHNICAL:other_computing -> NOT_RELEVANT:not_relevant
dol_lca,CONSULTANT,15-1199.08,1,role_taxonomy_v1,role_taxonomy_v2,True,False,other_computing,not_relevant,SOC_MAPPING,STRONG_EXCLUSION_PATTERN,soc_mapping:6,nontechnical_management_analysis,NOT_REQUIRED,NOT_REQUIRED,TECHNICAL:other_computing -> NOT_RELEVANT:not_relevant
dol_lca,CONSULTANT,15-1299.08,1,role_taxonomy_v1,role_taxonomy_v2,True,False,other_computing,not_relevant,SOC_MAPPING,STRONG_EXCLUSION_PATTERN,soc_mapping:6,nontechnical_management_analysis,NOT_REQUIRED,NOT_REQUIRED,TECHNICAL:other_computing -> NOT_RELEVANT:not_relevant
dol_lca,Cloud Sales Engineer,15-1299.08,1,role_taxonomy_v1,role_taxonomy_v2,True,False,other_computing,not_relevant,SOC_MAPPING,STRONG_EXCLUSION_PATTERN,soc_mapping:6,sales_recruiting,NOT_REQUIRED,NOT_REQUIRED,TECHNICAL:other_computing -> NOT_RELEVANT:not_relevant
dol_lca,Co-Op Firmware Engineer,15-1299.08,1,role_taxonomy_v1,role_taxonomy_v2,True,False,other_computing,not_relevant,SOC_MAPPING,STRONG_EXCLUSION_PATTERN,soc_mapping:6,internships,NOT_REQUIRED,NOT_REQUIRED,TECHNICAL:other_computing -> NOT_RELEVANT:not_relevant
dol_lca,Consultant,15-1199.01,1,role_taxonomy_v1,role_taxonomy_v2,True,False,other_computing,not_relevant,SOC_MAPPING,STRONG_EXCLUSION_PATTERN,soc_mapping:6,nontechnical_management_analysis,NOT_REQUIRED,NOT_REQUIRED,TECHNICAL:other_computing -> NOT_RELEVANT:not_relevant
dol_lca,"Consultant, Biomedical Technology",15-1299.09,1,role_taxonomy_v1,role_taxonomy_v2,True,False,other_computing,not_relevant,SOC_MAPPING,STRONG_EXCLUSION_PATTERN,soc_mapping:6,biological_chemical,NOT_REQUIRED,NOT_REQUIRED,TECHNICAL:other_computing -> NOT_RELEVANT:not_relevant
dol_lca,Director,15-1199.09,1,role_taxonomy_v1,role_taxonomy_v2,True,False,other_computing,not_relevant,SOC_MAPPING,STRONG_EXCLUSION_PATTERN,soc_mapping:6,nontechnical_management_analysis,NOT_REQUIRED,NOT_REQUIRED,TECHNICAL:other_computing -> NOT_RELEVANT:not_relevant
dol_perm,IT Account Executive,15-1199,1,role_taxonomy_v1,role_taxonomy_v2,True,False,other_computing,not_relevant,SOC_MAPPING,STRONG_EXCLUSION_PATTERN,soc_mapping:6,sales_recruiting,NOT_REQUIRED,NOT_REQUIRED,TECHNICAL:other_computing -> NOT_RELEVANT:not_relevant
dol_lca,"IT Help Desk, Process & Governance Lead",15-1199.09,1,role_taxonomy_v1,role_taxonomy_v2,True,False,other_computing,not_relevant,SOC_MAPPING,STRONG_EXCLUSION_PATTERN,soc_mapping:6,low_level_it_support,NOT_REQUIRED,NOT_REQUIRED,TECHNICAL:other_computing -> NOT_RELEVANT:not_relevant
dol_lca,IT PROJECT MANAGER & INTERN INSTRUCTOR,15-1299.09,1,role_taxonomy_v1,role_taxonomy_v2,True,False,other_computing,not_relevant,SOC_MAPPING,STRONG_EXCLUSION_PATTERN,soc_mapping:6,internships,NOT_REQUIRED,NOT_REQUIRED,TECHNICAL:other_computing -> NOT_RELEVANT:not_relevant
dol_perm,IT PROJECT MANAGER/ INTERN INSTRUCTOR,15-1199,1,role_taxonomy_v1,role_taxonomy_v2,True,False,other_computing,not_relevant,SOC_MAPPING,STRONG_EXCLUSION_PATTERN,soc_mapping:6,internships,NOT_REQUIRED,NOT_REQUIRED,TECHNICAL:other_computing -> NOT_RELEVANT:not_relevant
dol_lca,Manager,15-1299.00,1,role_taxonomy_v1,role_taxonomy_v2,True,False,other_computing,not_relevant,SOC_MAPPING,STRONG_EXCLUSION_PATTERN,soc_mapping:6,nontechnical_management_analysis,NOT_REQUIRED,NOT_REQUIRED,TECHNICAL:other_computing -> NOT_RELEVANT:not_relevant
dol_lca,Manager ,15-1299.08,1,role_taxonomy_v1,role_taxonomy_v2,True,False,other_computing,not_relevant,SOC_MAPPING,STRONG_EXCLUSION_PATTERN,soc_mapping:6,nontechnical_management_analysis,NOT_REQUIRED,NOT_REQUIRED,TECHNICAL:other_computing -> NOT_RELEVANT:not_relevant
dol_lca,Manager Sales Engineering,15-1299.09,1,role_taxonomy_v1,role_taxonomy_v2,True,False,other_computing,not_relevant,SOC_MAPPING,STRONG_EXCLUSION_PATTERN,soc_mapping:6,sales_recruiting,NOT_REQUIRED,NOT_REQUIRED,TECHNICAL:other_computing -> NOT_RELEVANT:not_relevant
dol_lca,Member of Technical Staff (Intern),15-1299.08,1,role_taxonomy_v1,role_taxonomy_v2,True,False,other_computing,not_relevant,SOC_MAPPING,STRONG_EXCLUSION_PATTERN,soc_mapping:6,internships,NOT_REQUIRED,NOT_REQUIRED,TECHNICAL:other_computing -> NOT_RELEVANT:not_relevant
dol_lca,PRODUCT MANAGER,15-1199.09,1,role_taxonomy_v1,role_taxonomy_v2,True,False,other_computing,not_relevant,SOC_MAPPING,STRONG_EXCLUSION_PATTERN,soc_mapping:6,nontechnical_management_analysis,NOT_REQUIRED,NOT_REQUIRED,TECHNICAL:other_computing -> NOT_RELEVANT:not_relevant
dol_lca,PRODUCT MANAGER,15-1299.00,1,role_taxonomy_v1,role_taxonomy_v2,True,False,other_computing,not_relevant,SOC_MAPPING,STRONG_EXCLUSION_PATTERN,soc_mapping:6,nontechnical_management_analysis,NOT_REQUIRED,NOT_REQUIRED,TECHNICAL:other_computing -> NOT_RELEVANT:not_relevant
dol_lca,PROJECT MANAGER,15-1199.00,1,role_taxonomy_v1,role_taxonomy_v2,True,False,other_computing,not_relevant,SOC_MAPPING,STRONG_EXCLUSION_PATTERN,soc_mapping:6,nontechnical_management_analysis,NOT_REQUIRED,NOT_REQUIRED,TECHNICAL:other_computing -> NOT_RELEVANT:not_relevant
dol_lca,PROJECT MANAGER ,15-1299.00,1,role_taxonomy_v1,role_taxonomy_v2,True,False,other_computing,not_relevant,SOC_MAPPING,STRONG_EXCLUSION_PATTERN,soc_mapping:6,nontechnical_management_analysis,NOT_REQUIRED,NOT_REQUIRED,TECHNICAL:other_computing -> NOT_RELEVANT:not_relevant
dol_lca,PROJECT MANAGER   ,15-1299.09,1,role_taxonomy_v1,role_taxonomy_v2,True,False,other_computing,not_relevant,SOC_MAPPING,STRONG_EXCLUSION_PATTERN,soc_mapping:6,nontechnical_management_analysis,NOT_REQUIRED,NOT_REQUIRED,TECHNICAL:other_computing -> NOT_RELEVANT:not_relevant
dol_lca,Product  Manager,15-1299.08,1,role_taxonomy_v1,role_taxonomy_v2,True,False,other_computing,not_relevant,SOC_MAPPING,STRONG_EXCLUSION_PATTERN,soc_mapping:6,nontechnical_management_analysis,NOT_REQUIRED,NOT_REQUIRED,TECHNICAL:other_computing -> NOT_RELEVANT:not_relevant
dol_lca,Product Manager,15-1199.08,1,role_taxonomy_v1,role_taxonomy_v2,True,False,other_computing,not_relevant,SOC_MAPPING,STRONG_EXCLUSION_PATTERN,soc_mapping:6,nontechnical_management_analysis,NOT_REQUIRED,NOT_REQUIRED,TECHNICAL:other_computing -> NOT_RELEVANT:not_relevant
dol_perm,Product Manager,15-1299.09,1,role_taxonomy_v1,role_taxonomy_v2,True,False,other_computing,not_relevant,SOC_MAPPING,STRONG_EXCLUSION_PATTERN,soc_mapping:6,nontechnical_management_analysis,NOT_REQUIRED,NOT_REQUIRED,TECHNICAL:other_computing -> NOT_RELEVANT:not_relevant
dol_lca,Product Manager ,15-1199.08,1,role_taxonomy_v1,role_taxonomy_v2,True,False,other_computing,not_relevant,SOC_MAPPING,STRONG_EXCLUSION_PATTERN,soc_mapping:6,nontechnical_management_analysis,NOT_REQUIRED,NOT_REQUIRED,TECHNICAL:other_computing -> NOT_RELEVANT:not_relevant
dol_lca,Product manager,15-1299.09,1,role_taxonomy_v1,role_taxonomy_v2,True,False,other_computing,not_relevant,SOC_MAPPING,STRONG_EXCLUSION_PATTERN,soc_mapping:6,nontechnical_management_analysis,NOT_REQUIRED,NOT_REQUIRED,TECHNICAL:other_computing -> NOT_RELEVANT:not_relevant
dol_lca,Project  Manager,15-1299.09,1,role_taxonomy_v1,role_taxonomy_v2,True,False,other_computing,not_relevant,SOC_MAPPING,STRONG_EXCLUSION_PATTERN,soc_mapping:6,nontechnical_management_analysis,NOT_REQUIRED,NOT_REQUIRED,TECHNICAL:other_computing -> NOT_RELEVANT:not_relevant
dol_lca,Project Manager,15-1199.00,1,role_taxonomy_v1,role_taxonomy_v2,True,False,other_computing,not_relevant,SOC_MAPPING,STRONG_EXCLUSION_PATTERN,soc_mapping:6,nontechnical_management_analysis,NOT_REQUIRED,NOT_REQUIRED,TECHNICAL:other_computing -> NOT_RELEVANT:not_relevant
dol_perm,Project Manager,15-1299.00,1,role_taxonomy_v1,role_taxonomy_v2,True,False,other_computing,not_relevant,SOC_MAPPING,STRONG_EXCLUSION_PATTERN,soc_mapping:6,nontechnical_management_analysis,NOT_REQUIRED,NOT_REQUIRED,TECHNICAL:other_computing -> NOT_RELEVANT:not_relevant
dol_lca,Project Manager,15-1299.01,1,role_taxonomy_v1,role_taxonomy_v2,True,False,other_computing,not_relevant,SOC_MAPPING,STRONG_EXCLUSION_PATTERN,soc_mapping:6,nontechnical_management_analysis,NOT_REQUIRED,NOT_REQUIRED,TECHNICAL:other_computing -> NOT_RELEVANT:not_relevant
dol_lca,Project Manager ,15-1299.00,1,role_taxonomy_v1,role_taxonomy_v2,True,False,other_computing,not_relevant,SOC_MAPPING,STRONG_EXCLUSION_PATTERN,soc_mapping:6,nontechnical_management_analysis,NOT_REQUIRED,NOT_REQUIRED,TECHNICAL:other_computing -> NOT_RELEVANT:not_relevant
dol_lca,"Project Manager, Systems Biology",15-1299.09,1,role_taxonomy_v1,role_taxonomy_v2,True,False,other_computing,not_relevant,SOC_MAPPING,STRONG_EXCLUSION_PATTERN,soc_mapping:6,biological_chemical,NOT_REQUIRED,NOT_REQUIRED,TECHNICAL:other_computing -> NOT_RELEVANT:not_relevant
dol_lca,Project Manager ,15-1299.09,1,role_taxonomy_v1,role_taxonomy_v2,True,False,other_computing,not_relevant,SOC_MAPPING,STRONG_EXCLUSION_PATTERN,soc_mapping:6,nontechnical_management_analysis,NOT_REQUIRED,NOT_REQUIRED,TECHNICAL:other_computing -> NOT_RELEVANT:not_relevant
dol_lca,Project manager,15-1299.09,1,role_taxonomy_v1,role_taxonomy_v2,True,False,other_computing,not_relevant,SOC_MAPPING,STRONG_EXCLUSION_PATTERN,soc_mapping:6,nontechnical_management_analysis,NOT_REQUIRED,NOT_REQUIRED,TECHNICAL:other_computing -> NOT_RELEVANT:not_relevant
dol_lca,RECRUITING OPERATIONS ANALYST,15-1199.08,1,role_taxonomy_v1,role_taxonomy_v2,True,False,other_computing,not_relevant,SOC_MAPPING,STRONG_EXCLUSION_PATTERN,soc_mapping:6,sales_recruiting,NOT_REQUIRED,NOT_REQUIRED,TECHNICAL:other_computing -> NOT_RELEVANT:not_relevant
dol_lca,Sales Engineer ,15-1299.08,1,role_taxonomy_v1,role_taxonomy_v2,True,False,other_computing,not_relevant,SOC_MAPPING,STRONG_EXCLUSION_PATTERN,soc_mapping:6,sales_recruiting,NOT_REQUIRED,NOT_REQUIRED,TECHNICAL:other_computing -> NOT_RELEVANT:not_relevant
dol_lca,Sales Engineer 1615.19778,15-1299.08,1,role_taxonomy_v1,role_taxonomy_v2,True,False,other_computing,not_relevant,SOC_MAPPING,STRONG_EXCLUSION_PATTERN,soc_mapping:6,sales_recruiting,NOT_REQUIRED,NOT_REQUIRED,TECHNICAL:other_computing -> NOT_RELEVANT:not_relevant
dol_lca,Sales Engineer 1615.31505,15-1299.08,1,role_taxonomy_v1,role_taxonomy_v2,True,False,other_computing,not_relevant,SOC_MAPPING,STRONG_EXCLUSION_PATTERN,soc_mapping:6,sales_recruiting,NOT_REQUIRED,NOT_REQUIRED,TECHNICAL:other_computing -> NOT_RELEVANT:not_relevant
dol_lca,Sales Engineer 1615.56526,15-1299.08,1,role_taxonomy_v1,role_taxonomy_v2,True,False,other_computing,not_relevant,SOC_MAPPING,STRONG_EXCLUSION_PATTERN,soc_mapping:6,sales_recruiting,NOT_REQUIRED,NOT_REQUIRED,TECHNICAL:other_computing -> NOT_RELEVANT:not_relevant
dol_lca,Senior Recruiter,15-1299.09,1,role_taxonomy_v1,role_taxonomy_v2,True,False,other_computing,not_relevant,SOC_MAPPING,STRONG_EXCLUSION_PATTERN,soc_mapping:6,sales_recruiting,NOT_REQUIRED,NOT_REQUIRED,TECHNICAL:other_computing -> NOT_RELEVANT:not_relevant
dol_lca,Sr. Desktop Support Specialist,15-1199.00,1,role_taxonomy_v1,role_taxonomy_v2,True,False,other_computing,not_relevant,SOC_MAPPING,STRONG_EXCLUSION_PATTERN,soc_mapping:6,low_level_it_support,NOT_REQUIRED,NOT_REQUIRED,TECHNICAL:other_computing -> NOT_RELEVANT:not_relevant
dol_lca,Strategic Account Executive,15-1299.09,1,role_taxonomy_v1,role_taxonomy_v2,True,False,other_computing,not_relevant,SOC_MAPPING,STRONG_EXCLUSION_PATTERN,soc_mapping:6,sales_recruiting,NOT_REQUIRED,NOT_REQUIRED,TECHNICAL:other_computing -> NOT_RELEVANT:not_relevant
dol_lca,Techinal IT Recruiter,15-1299.00,1,role_taxonomy_v1,role_taxonomy_v2,True,False,other_computing,not_relevant,SOC_MAPPING,STRONG_EXCLUSION_PATTERN,soc_mapping:6,sales_recruiting,NOT_REQUIRED,NOT_REQUIRED,TECHNICAL:other_computing -> NOT_RELEVANT:not_relevant
dol_lca,Technical Recruiting Manager,15-1299.09,1,role_taxonomy_v1,role_taxonomy_v2,True,False,other_computing,not_relevant,SOC_MAPPING,STRONG_EXCLUSION_PATTERN,soc_mapping:6,sales_recruiting,NOT_REQUIRED,NOT_REQUIRED,TECHNICAL:other_computing -> NOT_RELEVANT:not_relevant
dol_lca,project manager ,15-1299.09,1,role_taxonomy_v1,role_taxonomy_v2,True,False,other_computing,not_relevant,SOC_MAPPING,STRONG_EXCLUSION_PATTERN,soc_mapping:6,nontechnical_management_analysis,NOT_REQUIRED,NOT_REQUIRED,TECHNICAL:other_computing -> NOT_RELEVANT:not_relevant
dol_perm, Associate,15-1252.00,1,role_taxonomy_v1,role_taxonomy_v2,True,False,software_engineering,not_relevant,SOC_MAPPING,STRONG_EXCLUSION_PATTERN,soc_mapping:0,nontechnical_management_analysis,NOT_REQUIRED,NOT_REQUIRED,TECHNICAL:software_engineering -> NOT_RELEVANT:not_relevant
dol_perm, Associate ,15-1252.00,1,role_taxonomy_v1,role_taxonomy_v2,True,False,software_engineering,not_relevant,SOC_MAPPING,STRONG_EXCLUSION_PATTERN,soc_mapping:0,nontechnical_management_analysis,NOT_REQUIRED,NOT_REQUIRED,TECHNICAL:software_engineering -> NOT_RELEVANT:not_relevant
dol_perm, Associate  ,15-1252.00,1,role_taxonomy_v1,role_taxonomy_v2,True,False,software_engineering,not_relevant,SOC_MAPPING,STRONG_EXCLUSION_PATTERN,soc_mapping:0,nontechnical_management_analysis,NOT_REQUIRED,NOT_REQUIRED,TECHNICAL:software_engineering -> NOT_RELEVANT:not_relevant
dol_lca, Manager,15-1132.00,1,role_taxonomy_v1,role_taxonomy_v2,True,False,software_engineering,not_relevant,SOC_MAPPING,STRONG_EXCLUSION_PATTERN,soc_mapping:0,nontechnical_management_analysis,NOT_REQUIRED,NOT_REQUIRED,TECHNICAL:software_engineering -> NOT_RELEVANT:not_relevant
dol_perm, PROJECT MANAGER,15-1252.00,1,role_taxonomy_v1,role_taxonomy_v2,True,False,software_engineering,not_relevant,SOC_MAPPING,STRONG_EXCLUSION_PATTERN,soc_mapping:0,nontechnical_management_analysis,NOT_REQUIRED,NOT_REQUIRED,TECHNICAL:software_engineering -> NOT_RELEVANT:not_relevant
dol_lca, Project Manager ,15-1252.00,1,role_taxonomy_v1,role_taxonomy_v2,True,False,software_engineering,not_relevant,SOC_MAPPING,STRONG_EXCLUSION_PATTERN,soc_mapping:0,nontechnical_management_analysis,NOT_REQUIRED,NOT_REQUIRED,TECHNICAL:software_engineering -> NOT_RELEVANT:not_relevant
dol_perm,ASSOCIATE,15-1132,1,role_taxonomy_v1,role_taxonomy_v2,True,False,software_engineering,not_relevant,SOC_MAPPING,STRONG_EXCLUSION_PATTERN,soc_mapping:0,nontechnical_management_analysis,NOT_REQUIRED,NOT_REQUIRED,TECHNICAL:software_engineering -> NOT_RELEVANT:not_relevant
dol_lca,ASSOCIATE VICE PRESIDENT OF SALES ENGINEERING,15-1252.00,1,role_taxonomy_v1,role_taxonomy_v2,True,False,software_engineering,not_relevant,SOC_MAPPING,STRONG_EXCLUSION_PATTERN,soc_mapping:0,sales_recruiting,NOT_REQUIRED,NOT_REQUIRED,TECHNICAL:software_engineering -> NOT_RELEVANT:not_relevant
dol_lca,Associate,15-1253,1,role_taxonomy_v1,role_taxonomy_v2,True,False,software_engineering,not_relevant,SOC_MAPPING,STRONG_EXCLUSION_PATTERN,soc_mapping:0,nontechnical_management_analysis,NOT_REQUIRED,NOT_REQUIRED,TECHNICAL:software_engineering -> NOT_RELEVANT:not_relevant
dol_perm,Associate  ,15-1252.00,1,role_taxonomy_v1,role_taxonomy_v2,True,False,software_engineering,not_relevant,SOC_MAPPING,STRONG_EXCLUSION_PATTERN,soc_mapping:0,nontechnical_management_analysis,NOT_REQUIRED,NOT_REQUIRED,TECHNICAL:software_engineering -> NOT_RELEVANT:not_relevant
dol_perm,Associate Sales Engineer,15-1133,1,role_taxonomy_v1,role_taxonomy_v2,True,False,software_engineering,not_relevant,SOC_MAPPING,STRONG_EXCLUSION_PATTERN,soc_mapping:0,sales_recruiting,NOT_REQUIRED,NOT_REQUIRED,TECHNICAL:software_engineering -> NOT_RELEVANT:not_relevant
dol_perm,BUSINESS ANALYST,15-1133,1,role_taxonomy_v1,role_taxonomy_v2,True,False,software_engineering,not_relevant,SOC_MAPPING,STRONG_EXCLUSION_PATTERN,soc_mapping:0,nontechnical_management_analysis,NOT_REQUIRED,NOT_REQUIRED,TECHNICAL:software_engineering -> NOT_RELEVANT:not_relevant
dol_lca,BUSINESS ANALYST,15-1133.00,1,role_taxonomy_v1,role_taxonomy_v2,True,False,software_engineering,not_relevant,SOC_MAPPING,STRONG_EXCLUSION_PATTERN,soc_mapping:0,nontechnical_management_analysis,NOT_REQUIRED,NOT_REQUIRED,TECHNICAL:software_engineering -> NOT_RELEVANT:not_relevant
dol_perm,BUSINESS ANALYST,15-1252.00,1,role_taxonomy_v1,role_taxonomy_v2,True,False,software_engineering,not_relevant,SOC_MAPPING,STRONG_EXCLUSION_PATTERN,soc_mapping:0,nontechnical_management_analysis,NOT_REQUIRED,NOT_REQUIRED,TECHNICAL:software_engineering -> NOT_RELEVANT:not_relevant
dol_perm,Business Analyst,15-1133,1,role_taxonomy_v1,role_taxonomy_v2,True,False,software_engineering,not_relevant,SOC_MAPPING,STRONG_EXCLUSION_PATTERN,soc_mapping:0,nontechnical_management_analysis,NOT_REQUIRED,NOT_REQUIRED,TECHNICAL:software_engineering -> NOT_RELEVANT:not_relevant
dol_lca,Business Analyst ,15-1132.00,1,role_taxonomy_v1,role_taxonomy_v2,True,False,software_engineering,not_relevant,SOC_MAPPING,STRONG_EXCLUSION_PATTERN,soc_mapping:0,nontechnical_management_analysis,NOT_REQUIRED,NOT_REQUIRED,TECHNICAL:software_engineering -> NOT_RELEVANT:not_relevant
dol_perm,Business Analyst ,15-1252.00,1,role_taxonomy_v1,role_taxonomy_v2,True,False,software_engineering,not_relevant,SOC_MAPPING,STRONG_EXCLUSION_PATTERN,soc_mapping:0,nontechnical_management_analysis,NOT_REQUIRED,NOT_REQUIRED,TECHNICAL:software_engineering -> NOT_RELEVANT:not_relevant
dol_lca,Business Analyst¿ ,15-1253.00,1,role_taxonomy_v1,role_taxonomy_v2,True,False,software_engineering,not_relevant,SOC_MAPPING,STRONG_EXCLUSION_PATTERN,soc_mapping:0,nontechnical_management_analysis,NOT_REQUIRED,NOT_REQUIRED,TECHNICAL:software_engineering -> NOT_RELEVANT:not_relevant
dol_lca,Business analyst,15-1252.00,1,role_taxonomy_v1,role_taxonomy_v2,True,False,software_engineering,not_relevant,SOC_MAPPING,STRONG_EXCLUSION_PATTERN,soc_mapping:0,nontechnical_management_analysis,NOT_REQUIRED,NOT_REQUIRED,TECHNICAL:software_engineering -> NOT_RELEVANT:not_relevant
dol_perm,CONSULTANT,15-1132,1,role_taxonomy_v1,role_taxonomy_v2,True,False,software_engineering,not_relevant,SOC_MAPPING,STRONG_EXCLUSION_PATTERN,soc_mapping:0,nontechnical_management_analysis,NOT_REQUIRED,NOT_REQUIRED,TECHNICAL:software_engineering -> NOT_RELEVANT:not_relevant
dol_lca,CONSULTANT,15-1252.00,1,role_taxonomy_v1,role_taxonomy_v2,True,False,software_engineering,not_relevant,SOC_MAPPING,STRONG_EXCLUSION_PATTERN,soc_mapping:0,nontechnical_management_analysis,NOT_REQUIRED,NOT_REQUIRED,TECHNICAL:software_engineering -> NOT_RELEVANT:not_relevant
dol_lca,CONSULTANT,15-1253.00,1,role_taxonomy_v1,role_taxonomy_v2,True,False,software_engineering,not_relevant,SOC_MAPPING,STRONG_EXCLUSION_PATTERN,soc_mapping:0,nontechnical_management_analysis,NOT_REQUIRED,NOT_REQUIRED,TECHNICAL:software_engineering -> NOT_RELEVANT:not_relevant
dol_lca,CONSULTANT ,15-1252.00,1,role_taxonomy_v1,role_taxonomy_v2,True,False,software_engineering,not_relevant,SOC_MAPPING,STRONG_EXCLUSION_PATTERN,soc_mapping:0,nontechnical_management_analysis,NOT_REQUIRED,NOT_REQUIRED,TECHNICAL:software_engineering -> NOT_RELEVANT:not_relevant
dol_lca,Computer Support Specialist,15-1252.00,1,role_taxonomy_v1,role_taxonomy_v2,True,False,software_engineering,not_relevant,SOC_MAPPING,STRONG_EXCLUSION_PATTERN,soc_mapping:0,low_level_it_support,NOT_REQUIRED,NOT_REQUIRED,TECHNICAL:software_engineering -> NOT_RELEVANT:not_relevant
dol_lca,Consultant,15-1252,1,role_taxonomy_v1,role_taxonomy_v2,True,False,software_engineering,not_relevant,SOC_MAPPING,STRONG_EXCLUSION_PATTERN,soc_mapping:0,nontechnical_management_analysis,NOT_REQUIRED,NOT_REQUIRED,TECHNICAL:software_engineering -> NOT_RELEVANT:not_relevant
dol_perm,Consultant (Biomedical Technology),15-1252.00,1,role_taxonomy_v1,role_taxonomy_v2,True,False,software_engineering,not_relevant,SOC_MAPPING,STRONG_EXCLUSION_PATTERN,soc_mapping:0,biological_chemical,NOT_REQUIRED,NOT_REQUIRED,TECHNICAL:software_engineering -> NOT_RELEVANT:not_relevant
dol_lca,DIRECTOR,15-1252.00,1,role_taxonomy_v1,role_taxonomy_v2,True,False,software_engineering,not_relevant,SOC_MAPPING,STRONG_EXCLUSION_PATTERN,soc_mapping:0,nontechnical_management_analysis,NOT_REQUIRED,NOT_REQUIRED,TECHNICAL:software_engineering -> NOT_RELEVANT:not_relevant
dol_lca,Director,15-1132.00,1,role_taxonomy_v1,role_taxonomy_v2,True,False,software_engineering,not_relevant,SOC_MAPPING,STRONG_EXCLUSION_PATTERN,soc_mapping:0,nontechnical_management_analysis,NOT_REQUIRED,NOT_REQUIRED,TECHNICAL:software_engineering -> NOT_RELEVANT:not_relevant
dol_lca,Director,15-1133.00,1,role_taxonomy_v1,role_taxonomy_v2,True,False,software_engineering,not_relevant,SOC_MAPPING,STRONG_EXCLUSION_PATTERN,soc_mapping:0,nontechnical_management_analysis,NOT_REQUIRED,NOT_REQUIRED,TECHNICAL:software_engineering -> NOT_RELEVANT:not_relevant
dol_lca,Director,15-1252 - Software Developers,1,role_taxonomy_v1,role_taxonomy_v2,True,False,software_engineering,not_relevant,SOC_MAPPING,STRONG_EXCLUSION_PATTERN,soc_mapping:0,nontechnical_management_analysis,NOT_REQUIRED,NOT_REQUIRED,TECHNICAL:software_engineering -> NOT_RELEVANT:not_relevant
dol_perm,Director,15-1253.00,1,role_taxonomy_v1,role_taxonomy_v2,True,False,software_engineering,not_relevant,SOC_MAPPING,STRONG_EXCLUSION_PATTERN,soc_mapping:0,nontechnical_management_analysis,NOT_REQUIRED,NOT_REQUIRED,TECHNICAL:software_engineering -> NOT_RELEVANT:not_relevant
dol_lca,Director ,15-1252.00,1,role_taxonomy_v1,role_taxonomy_v2,True,False,software_engineering,not_relevant,SOC_MAPPING,STRONG_EXCLUSION_PATTERN,soc_mapping:0,nontechnical_management_analysis,NOT_REQUIRED,NOT_REQUIRED,TECHNICAL:software_engineering -> NOT_RELEVANT:not_relevant
dol_lca,"Director, Customer Success and Pre-Sales Engineering",15-1252.00,1,role_taxonomy_v1,role_taxonomy_v2,True,False,software_engineering,not_relevant,SOC_MAPPING,STRONG_EXCLUSION_PATTERN,soc_mapping:0,sales_recruiting,NOT_REQUIRED,NOT_REQUIRED,TECHNICAL:software_engineering -> NOT_RELEVANT:not_relevant
dol_perm,MANAGER,15-1252.00,1,role_taxonomy_v1,role_taxonomy_v2,True,False,software_engineering,not_relevant,SOC_MAPPING,STRONG_EXCLUSION_PATTERN,soc_mapping:0,nontechnical_management_analysis,NOT_REQUIRED,NOT_REQUIRED,TECHNICAL:software_engineering -> NOT_RELEVANT:not_relevant
dol_lca,Manager,15-1133.00,1,role_taxonomy_v1,role_taxonomy_v2,True,False,software_engineering,not_relevant,SOC_MAPPING,STRONG_EXCLUSION_PATTERN,soc_mapping:0,nontechnical_management_analysis,NOT_REQUIRED,NOT_REQUIRED,TECHNICAL:software_engineering -> NOT_RELEVANT:not_relevant
dol_lca,Manager ,15-1132.00,1,role_taxonomy_v1,role_taxonomy_v2,True,False,software_engineering,not_relevant,SOC_MAPPING,STRONG_EXCLUSION_PATTERN,soc_mapping:0,nontechnical_management_analysis,NOT_REQUIRED,NOT_REQUIRED,TECHNICAL:software_engineering -> NOT_RELEVANT:not_relevant
dol_lca,Manager ,15-1252.00,1,role_taxonomy_v1,role_taxonomy_v2,True,False,software_engineering,not_relevant,SOC_MAPPING,STRONG_EXCLUSION_PATTERN,soc_mapping:0,nontechnical_management_analysis,NOT_REQUIRED,NOT_REQUIRED,TECHNICAL:software_engineering -> NOT_RELEVANT:not_relevant
dol_lca,Manager ,15-1253.00,1,role_taxonomy_v1,role_taxonomy_v2,True,False,software_engineering,not_relevant,SOC_MAPPING,STRONG_EXCLUSION_PATTERN,soc_mapping:0,nontechnical_management_analysis,NOT_REQUIRED,NOT_REQUIRED,TECHNICAL:software_engineering -> NOT_RELEVANT:not_relevant
dol_lca,PRODUCT MANAGER,15-1253.00,1,role_taxonomy_v1,role_taxonomy_v2,True,False,software_engineering,not_relevant,SOC_MAPPING,STRONG_EXCLUSION_PATTERN,soc_mapping:0,nontechnical_management_analysis,NOT_REQUIRED,NOT_REQUIRED,TECHNICAL:software_engineering -> NOT_RELEVANT:not_relevant
dol_lca,PROJECT MANAGER,15-1251.00,1,role_taxonomy_v1,role_taxonomy_v2,True,False,software_engineering,not_relevant,SOC_MAPPING,STRONG_EXCLUSION_PATTERN,soc_mapping:0,nontechnical_management_analysis,NOT_REQUIRED,NOT_REQUIRED,TECHNICAL:software_engineering -> NOT_RELEVANT:not_relevant
dol_lca,PROJECT MANAGER,15-1252,1,role_taxonomy_v1,role_taxonomy_v2,True,False,software_engineering,not_relevant,SOC_MAPPING,STRONG_EXCLUSION_PATTERN,soc_mapping:0,nontechnical_management_analysis,NOT_REQUIRED,NOT_REQUIRED,TECHNICAL:software_engineering -> NOT_RELEVANT:not_relevant
dol_lca,PROJECT MANAGER,15-1253.00,1,role_taxonomy_v1,role_taxonomy_v2,True,False,software_engineering,not_relevant,SOC_MAPPING,STRONG_EXCLUSION_PATTERN,soc_mapping:0,nontechnical_management_analysis,NOT_REQUIRED,NOT_REQUIRED,TECHNICAL:software_engineering -> NOT_RELEVANT:not_relevant
dol_perm,Pre-Sales Engineer,15-1133,1,role_taxonomy_v1,role_taxonomy_v2,True,False,software_engineering,not_relevant,SOC_MAPPING,STRONG_EXCLUSION_PATTERN,soc_mapping:0,sales_recruiting,NOT_REQUIRED,NOT_REQUIRED,TECHNICAL:software_engineering -> NOT_RELEVANT:not_relevant
dol_lca,Pre-Sales Engineer,15-1252.00,1,role_taxonomy_v1,role_taxonomy_v2,True,False,software_engineering,not_relevant,SOC_MAPPING,STRONG_EXCLUSION_PATTERN,soc_mapping:0,sales_recruiting,NOT_REQUIRED,NOT_REQUIRED,TECHNICAL:software_engineering -> NOT_RELEVANT:not_relevant
dol_perm,Pre-Sales Engineer,15-1252.00,1,role_taxonomy_v1,role_taxonomy_v2,True,False,software_engineering,not_relevant,SOC_MAPPING,STRONG_EXCLUSION_PATTERN,soc_mapping:0,sales_recruiting,NOT_REQUIRED,NOT_REQUIRED,TECHNICAL:software_engineering -> NOT_RELEVANT:not_relevant
dol_perm,Principal Sales Engineer,15-1132,1,role_taxonomy_v1,role_taxonomy_v2,True,False,software_engineering,not_relevant,SOC_MAPPING,STRONG_EXCLUSION_PATTERN,soc_mapping:0,sales_recruiting,NOT_REQUIRED,NOT_REQUIRED,TECHNICAL:software_engineering -> NOT_RELEVANT:not_relevant
dol_lca,Product Manager,15-1132.00,1,role_taxonomy_v1,role_taxonomy_v2,True,False,software_engineering,not_relevant,SOC_MAPPING,STRONG_EXCLUSION_PATTERN,soc_mapping:0,nontechnical_management_analysis,NOT_REQUIRED,NOT_REQUIRED,TECHNICAL:software_engineering -> NOT_RELEVANT:not_relevant
dol_lca,Product Manager,15-1251.00,1,role_taxonomy_v1,role_taxonomy_v2,True,False,software_engineering,not_relevant,SOC_MAPPING,STRONG_EXCLUSION_PATTERN,soc_mapping:0,nontechnical_management_analysis,NOT_REQUIRED,NOT_REQUIRED,TECHNICAL:software_engineering -> NOT_RELEVANT:not_relevant
dol_lca,Product Manager,15-1254.00,1,role_taxonomy_v1,role_taxonomy_v2,True,False,software_engineering,not_relevant,SOC_MAPPING,STRONG_EXCLUSION_PATTERN,soc_mapping:0,nontechnical_management_analysis,NOT_REQUIRED,NOT_REQUIRED,TECHNICAL:software_engineering -> NOT_RELEVANT:not_relevant
dol_perm,Product Manager,15-1254.00,1,role_taxonomy_v1,role_taxonomy_v2,True,False,software_engineering,not_relevant,SOC_MAPPING,STRONG_EXCLUSION_PATTERN,soc_mapping:0,nontechnical_management_analysis,NOT_REQUIRED,NOT_REQUIRED,TECHNICAL:software_engineering -> NOT_RELEVANT:not_relevant
dol_lca,Product Manager ,15-1252.00,1,role_taxonomy_v1,role_taxonomy_v2,True,False,software_engineering,not_relevant,SOC_MAPPING,STRONG_EXCLUSION_PATTERN,soc_mapping:0,nontechnical_management_analysis,NOT_REQUIRED,NOT_REQUIRED,TECHNICAL:software_engineering -> NOT_RELEVANT:not_relevant
dol_lca,Project Manager,15-1132,1,role_taxonomy_v1,role_taxonomy_v2,True,False,software_engineering,not_relevant,SOC_MAPPING,STRONG_EXCLUSION_PATTERN,soc_mapping:0,nontechnical_management_analysis,NOT_REQUIRED,NOT_REQUIRED,TECHNICAL:software_engineering -> NOT_RELEVANT:not_relevant
dol_perm,Project Manager,15-1133,1,role_taxonomy_v1,role_taxonomy_v2,True,False,software_engineering,not_relevant,SOC_MAPPING,STRONG_EXCLUSION_PATTERN,soc_mapping:0,nontechnical_management_analysis,NOT_REQUIRED,NOT_REQUIRED,TECHNICAL:software_engineering -> NOT_RELEVANT:not_relevant
dol_lca,Project Manager,15-1133.00,1,role_taxonomy_v1,role_taxonomy_v2,True,False,software_engineering,not_relevant,SOC_MAPPING,STRONG_EXCLUSION_PATTERN,soc_mapping:0,nontechnical_management_analysis,NOT_REQUIRED,NOT_REQUIRED,TECHNICAL:software_engineering -> NOT_RELEVANT:not_relevant
dol_lca,Project Manager ,15-1252.00,1,role_taxonomy_v1,role_taxonomy_v2,True,False,software_engineering,not_relevant,SOC_MAPPING,STRONG_EXCLUSION_PATTERN,soc_mapping:0,nontechnical_management_analysis,NOT_REQUIRED,NOT_REQUIRED,TECHNICAL:software_engineering -> NOT_RELEVANT:not_relevant
dol_lca,Project Manager ,15-1252.00,1,role_taxonomy_v1,role_taxonomy_v2,True,False,software_engineering,not_relevant,SOC_MAPPING,STRONG_EXCLUSION_PATTERN,soc_mapping:0,nontechnical_management_analysis,NOT_REQUIRED,NOT_REQUIRED,TECHNICAL:software_engineering -> NOT_RELEVANT:not_relevant
dol_perm,Senior Sales Engineer (Multiple Openings),15-1132,1,role_taxonomy_v1,role_taxonomy_v2,True,False,software_engineering,not_relevant,SOC_MAPPING,STRONG_EXCLUSION_PATTERN,soc_mapping:0,sales_recruiting,NOT_REQUIRED,NOT_REQUIRED,TECHNICAL:software_engineering -> NOT_RELEVANT:not_relevant
dol_lca,Software Engineer Intern,15-1252.00,1,role_taxonomy_v1,role_taxonomy_v2,True,False,software_engineering,not_relevant,SOC_MAPPING,STRONG_EXCLUSION_PATTERN,soc_mapping:0,internships,NOT_REQUIRED,NOT_REQUIRED,TECHNICAL:software_engineering -> NOT_RELEVANT:not_relevant
dol_lca,Technical Recruiter,15-1253.00,1,role_taxonomy_v1,role_taxonomy_v2,True,False,software_engineering,not_relevant,SOC_MAPPING,STRONG_EXCLUSION_PATTERN,soc_mapping:0,sales_recruiting,NOT_REQUIRED,NOT_REQUIRED,TECHNICAL:software_engineering -> NOT_RELEVANT:not_relevant
dol_lca,associate,15-1252.00,1,role_taxonomy_v1,role_taxonomy_v2,True,False,software_engineering,not_relevant,SOC_MAPPING,STRONG_EXCLUSION_PATTERN,soc_mapping:0,nontechnical_management_analysis,NOT_REQUIRED,NOT_REQUIRED,TECHNICAL:software_engineering -> NOT_RELEVANT:not_relevant
dol_lca, PRODUCT MANAGER,15-1252.00,1,role_taxonomy_v1,role_taxonomy_v2,True,False,software_engineering,not_relevant,SOC_MAPPING,STRONG_EXCLUSION_PATTERN,soc_mapping:0,nontechnical_management_analysis,NOT_REQUIRED,NOT_REQUIRED,TECHNICAL:software_engineering -> NOT_RELEVANT:not_relevant
dol_lca, Project Manager,15-1252.00,1,role_taxonomy_v1,role_taxonomy_v2,True,False,software_engineering,not_relevant,SOC_MAPPING,STRONG_EXCLUSION_PATTERN,soc_mapping:0,nontechnical_management_analysis,NOT_REQUIRED,NOT_REQUIRED,TECHNICAL:software_engineering -> NOT_RELEVANT:not_relevant
dol_perm,Biomedical Research Software Engineer,15-1132,1,role_taxonomy_v1,role_taxonomy_v2,True,True,software_engineering,research_software,SOC_MAPPING,STRONG_TITLE_PATTERN,soc_mapping:0,research_software,NOT_REQUIRED,NOT_REQUIRED,TECHNICAL:software_engineering -> TECHNICAL:research_software
dol_perm,Senior Software Engineer in Test - Computational Biology,15-1253.00,1,role_taxonomy_v1,role_taxonomy_v2,True,True,software_engineering,software_engineering,SOC_MAPPING,STRONG_TITLE_PATTERN,soc_mapping:0,software_engineering,NOT_REQUIRED,NOT_REQUIRED,TECHNICAL:software_engineering -> TECHNICAL:software_engineering
dol_perm,Software Engineer in Test – Computational Biology,15-1253.00,1,role_taxonomy_v1,role_taxonomy_v2,True,True,software_engineering,software_engineering,SOC_MAPPING,STRONG_TITLE_PATTERN,soc_mapping:0,software_engineering,NOT_REQUIRED,NOT_REQUIRED,TECHNICAL:software_engineering -> TECHNICAL:software_engineering
dol_perm, BUSINESS ANALYST,15-1211.00,1,role_taxonomy_v1,role_taxonomy_v2,True,False,systems_infrastructure,not_relevant,SOC_MAPPING,STRONG_EXCLUSION_PATTERN,soc_mapping:2,nontechnical_management_analysis,NOT_REQUIRED,NOT_REQUIRED,TECHNICAL:systems_infrastructure -> NOT_RELEVANT:not_relevant
dol_lca, Business Analyst,15-1121.00,1,role_taxonomy_v1,role_taxonomy_v2,True,False,systems_infrastructure,not_relevant,SOC_MAPPING,STRONG_EXCLUSION_PATTERN,soc_mapping:2,nontechnical_management_analysis,NOT_REQUIRED,NOT_REQUIRED,TECHNICAL:systems_infrastructure -> NOT_RELEVANT:not_relevant
dol_lca, Business Analyst   ,15-1211.00,1,role_taxonomy_v1,role_taxonomy_v2,True,False,systems_infrastructure,not_relevant,SOC_MAPPING,STRONG_EXCLUSION_PATTERN,soc_mapping:2,nontechnical_management_analysis,NOT_REQUIRED,NOT_REQUIRED,TECHNICAL:systems_infrastructure -> NOT_RELEVANT:not_relevant
dol_perm, Consultant ,15-1211.00,1,role_taxonomy_v1,role_taxonomy_v2,True,False,systems_infrastructure,not_relevant,SOC_MAPPING,STRONG_EXCLUSION_PATTERN,soc_mapping:2,nontechnical_management_analysis,NOT_REQUIRED,NOT_REQUIRED,TECHNICAL:systems_infrastructure -> NOT_RELEVANT:not_relevant
dol_lca, Project Manager,15-1211.00,1,role_taxonomy_v1,role_taxonomy_v2,True,False,systems_infrastructure,not_relevant,SOC_MAPPING,STRONG_EXCLUSION_PATTERN,soc_mapping:2,nontechnical_management_analysis,NOT_REQUIRED,NOT_REQUIRED,TECHNICAL:systems_infrastructure -> NOT_RELEVANT:not_relevant
dol_lca,ASSOCIATE,15-1121.00,1,role_taxonomy_v1,role_taxonomy_v2,True,False,systems_infrastructure,not_relevant,SOC_MAPPING,STRONG_EXCLUSION_PATTERN,soc_mapping:2,nontechnical_management_analysis,NOT_REQUIRED,NOT_REQUIRED,TECHNICAL:systems_infrastructure -> NOT_RELEVANT:not_relevant
dol_lca,ASSOCIATE,15-1211.00,1,role_taxonomy_v1,role_taxonomy_v2,True,False,systems_infrastructure,not_relevant,SOC_MAPPING,STRONG_EXCLUSION_PATTERN,soc_mapping:2,nontechnical_management_analysis,NOT_REQUIRED,NOT_REQUIRED,TECHNICAL:systems_infrastructure -> NOT_RELEVANT:not_relevant
dol_perm,"Account Executive, MuleSoft",15-1121,1,role_taxonomy_v1,role_taxonomy_v2,True,False,systems_infrastructure,not_relevant,SOC_MAPPING,STRONG_EXCLUSION_PATTERN,soc_mapping:2,sales_recruiting,NOT_REQUIRED,NOT_REQUIRED,TECHNICAL:systems_infrastructure -> NOT_RELEVANT:not_relevant
dol_lca,Asset Management Sales Engineer,15-1211.00,1,role_taxonomy_v1,role_taxonomy_v2,True,False,systems_infrastructure,not_relevant,SOC_MAPPING,STRONG_EXCLUSION_PATTERN,soc_mapping:2,sales_recruiting,NOT_REQUIRED,NOT_REQUIRED,TECHNICAL:systems_infrastructure -> NOT_RELEVANT:not_relevant
dol_lca,Assistant Professor,15-1211.01,1,role_taxonomy_v1,role_taxonomy_v2,True,False,systems_infrastructure,not_relevant,SOC_MAPPING,STRONG_EXCLUSION_PATTERN,soc_mapping:2,noncomputing_faculty,NOT_REQUIRED,NOT_REQUIRED,TECHNICAL:systems_infrastructure -> NOT_RELEVANT:not_relevant
dol_lca,Associate,15-1211,1,role_taxonomy_v1,role_taxonomy_v2,True,False,systems_infrastructure,not_relevant,SOC_MAPPING,STRONG_EXCLUSION_PATTERN,soc_mapping:2,nontechnical_management_analysis,NOT_REQUIRED,NOT_REQUIRED,TECHNICAL:systems_infrastructure -> NOT_RELEVANT:not_relevant
dol_perm,Associate,15-1242.00,1,role_taxonomy_v1,role_taxonomy_v2,True,False,systems_infrastructure,not_relevant,SOC_MAPPING,STRONG_EXCLUSION_PATTERN,soc_mapping:2,nontechnical_management_analysis,NOT_REQUIRED,NOT_REQUIRED,TECHNICAL:systems_infrastructure -> NOT_RELEVANT:not_relevant
dol_perm,Associate,15-1244.00,1,role_taxonomy_v1,role_taxonomy_v2,True,False,systems_infrastructure,not_relevant,SOC_MAPPING,STRONG_EXCLUSION_PATTERN,soc_mapping:2,nontechnical_management_analysis,NOT_REQUIRED,NOT_REQUIRED,TECHNICAL:systems_infrastructure -> NOT_RELEVANT:not_relevant
dol_lca,Associate ,15-1142.00,1,role_taxonomy_v1,role_taxonomy_v2,True,False,systems_infrastructure,not_relevant,SOC_MAPPING,STRONG_EXCLUSION_PATTERN,soc_mapping:2,nontechnical_management_analysis,NOT_REQUIRED,NOT_REQUIRED,TECHNICAL:systems_infrastructure -> NOT_RELEVANT:not_relevant
dol_lca,Associate ,15-1211.00,1,role_taxonomy_v1,role_taxonomy_v2,True,False,systems_infrastructure,not_relevant,SOC_MAPPING,STRONG_EXCLUSION_PATTERN,soc_mapping:2,nontechnical_management_analysis,NOT_REQUIRED,NOT_REQUIRED,TECHNICAL:systems_infrastructure -> NOT_RELEVANT:not_relevant
dol_lca,Associate ,15-1212.00,1,role_taxonomy_v1,role_taxonomy_v2,True,False,systems_infrastructure,not_relevant,SOC_MAPPING,STRONG_EXCLUSION_PATTERN,soc_mapping:2,nontechnical_management_analysis,NOT_REQUIRED,NOT_REQUIRED,TECHNICAL:systems_infrastructure -> NOT_RELEVANT:not_relevant
dol_perm,Associate ,15-1212.00,1,role_taxonomy_v1,role_taxonomy_v2,True,False,systems_infrastructure,not_relevant,SOC_MAPPING,STRONG_EXCLUSION_PATTERN,soc_mapping:2,nontechnical_management_analysis,NOT_REQUIRED,NOT_REQUIRED,TECHNICAL:systems_infrastructure -> NOT_RELEVANT:not_relevant
dol_lca,Associate ,15-1242.00,1,role_taxonomy_v1,role_taxonomy_v2,True,False,systems_infrastructure,not_relevant,SOC_MAPPING,STRONG_EXCLUSION_PATTERN,soc_mapping:2,nontechnical_management_analysis,NOT_REQUIRED,NOT_REQUIRED,TECHNICAL:systems_infrastructure -> NOT_RELEVANT:not_relevant
dol_perm,Associate ,15-1242.00,1,role_taxonomy_v1,role_taxonomy_v2,True,False,systems_infrastructure,not_relevant,SOC_MAPPING,STRONG_EXCLUSION_PATTERN,soc_mapping:2,nontechnical_management_analysis,NOT_REQUIRED,NOT_REQUIRED,TECHNICAL:systems_infrastructure -> NOT_RELEVANT:not_relevant
dol_perm,Associate  ,15-1211.00,1,role_taxonomy_v1,role_taxonomy_v2,True,False,systems_infrastructure,not_relevant,SOC_MAPPING,STRONG_EXCLUSION_PATTERN,soc_mapping:2,nontechnical_management_analysis,NOT_REQUIRED,NOT_REQUIRED,TECHNICAL:systems_infrastructure -> NOT_RELEVANT:not_relevant
dol_perm,Associate IT Recruiting Specialist (Application Development),15-1121,1,role_taxonomy_v1,role_taxonomy_v2,True,False,systems_infrastructure,not_relevant,SOC_MAPPING,STRONG_EXCLUSION_PATTERN,soc_mapping:2,sales_recruiting,NOT_REQUIRED,NOT_REQUIRED,TECHNICAL:systems_infrastructure -> NOT_RELEVANT:not_relevant
dol_lca,BUSINESS ANALYST,15-1211.01,1,role_taxonomy_v1,role_taxonomy_v2,True,False,systems_infrastructure,not_relevant,SOC_MAPPING,STRONG_EXCLUSION_PATTERN,soc_mapping:2,nontechnical_management_analysis,NOT_REQUIRED,NOT_REQUIRED,TECHNICAL:systems_infrastructure -> NOT_RELEVANT:not_relevant
dol_lca,BUSINESS ANALYST ,15-1121.00,1,role_taxonomy_v1,role_taxonomy_v2,True,False,systems_infrastructure,not_relevant,SOC_MAPPING,STRONG_EXCLUSION_PATTERN,soc_mapping:2,nontechnical_management_analysis,NOT_REQUIRED,NOT_REQUIRED,TECHNICAL:systems_infrastructure -> NOT_RELEVANT:not_relevant
dol_perm,BUSINESS ANALYST ,15-1211.00,1,role_taxonomy_v1,role_taxonomy_v2,True,False,systems_infrastructure,not_relevant,SOC_MAPPING,STRONG_EXCLUSION_PATTERN,soc_mapping:2,nontechnical_management_analysis,NOT_REQUIRED,NOT_REQUIRED,TECHNICAL:systems_infrastructure -> NOT_RELEVANT:not_relevant
dol_perm,Business  Analyst,15-1121,1,role_taxonomy_v1,role_taxonomy_v2,True,False,systems_infrastructure,not_relevant,SOC_MAPPING,STRONG_EXCLUSION_PATTERN,soc_mapping:2,nontechnical_management_analysis,NOT_REQUIRED,NOT_REQUIRED,TECHNICAL:systems_infrastructure -> NOT_RELEVANT:not_relevant
dol_perm,Business Analyst,15-1242.00,1,role_taxonomy_v1,role_taxonomy_v2,True,False,systems_infrastructure,not_relevant,SOC_MAPPING,STRONG_EXCLUSION_PATTERN,soc_mapping:2,nontechnical_management_analysis,NOT_REQUIRED,NOT_REQUIRED,TECHNICAL:systems_infrastructure -> NOT_RELEVANT:not_relevant
dol_lca,Business Analyst ,15-1121.00,1,role_taxonomy_v1,role_taxonomy_v2,True,False,systems_infrastructure,not_relevant,SOC_MAPPING,STRONG_EXCLUSION_PATTERN,soc_mapping:2,nontechnical_management_analysis,NOT_REQUIRED,NOT_REQUIRED,TECHNICAL:systems_infrastructure -> NOT_RELEVANT:not_relevant
dol_lca,Business Analyst ,15-1242.00,1,role_taxonomy_v1,role_taxonomy_v2,True,False,systems_infrastructure,not_relevant,SOC_MAPPING,STRONG_EXCLUSION_PATTERN,soc_mapping:2,nontechnical_management_analysis,NOT_REQUIRED,NOT_REQUIRED,TECHNICAL:systems_infrastructure -> NOT_RELEVANT:not_relevant
dol_perm,Business Analyst  ,15-1211.00,1,role_taxonomy_v1,role_taxonomy_v2,True,False,systems_infrastructure,not_relevant,SOC_MAPPING,STRONG_EXCLUSION_PATTERN,soc_mapping:2,nontechnical_management_analysis,NOT_REQUIRED,NOT_REQUIRED,TECHNICAL:systems_infrastructure -> NOT_RELEVANT:not_relevant
dol_lca,Business Analyst ,15-1121.00,1,role_taxonomy_v1,role_taxonomy_v2,True,False,systems_infrastructure,not_relevant,SOC_MAPPING,STRONG_EXCLUSION_PATTERN,soc_mapping:2,nontechnical_management_analysis,NOT_REQUIRED,NOT_REQUIRED,TECHNICAL:systems_infrastructure -> NOT_RELEVANT:not_relevant
dol_lca,Business analyst,15-1211.00,1,role_taxonomy_v1,role_taxonomy_v2,True,False,systems_infrastructure,not_relevant,SOC_MAPPING,STRONG_EXCLUSION_PATTERN,soc_mapping:2,nontechnical_management_analysis,NOT_REQUIRED,NOT_REQUIRED,TECHNICAL:systems_infrastructure -> NOT_RELEVANT:not_relevant
dol_perm,COMPUTER SUPPORT SPECIALIST,15-1211.00,1,role_taxonomy_v1,role_taxonomy_v2,True,False,systems_infrastructure,not_relevant,SOC_MAPPING,STRONG_EXCLUSION_PATTERN,soc_mapping:2,low_level_it_support,NOT_REQUIRED,NOT_REQUIRED,TECHNICAL:systems_infrastructure -> NOT_RELEVANT:not_relevant
dol_perm,Computer Support Specialist,15-1211.00,1,role_taxonomy_v1,role_taxonomy_v2,True,False,systems_infrastructure,not_relevant,SOC_MAPPING,STRONG_EXCLUSION_PATTERN,soc_mapping:2,low_level_it_support,NOT_REQUIRED,NOT_REQUIRED,TECHNICAL:systems_infrastructure -> NOT_RELEVANT:not_relevant
dol_perm,Consultant,15-1142,1,role_taxonomy_v1,role_taxonomy_v2,True,False,systems_infrastructure,not_relevant,SOC_MAPPING,STRONG_EXCLUSION_PATTERN,soc_mapping:2,nontechnical_management_analysis,NOT_REQUIRED,NOT_REQUIRED,TECHNICAL:systems_infrastructure -> NOT_RELEVANT:not_relevant
dol_lca,Consultant,15-1211,1,role_taxonomy_v1,role_taxonomy_v2,True,False,systems_infrastructure,not_relevant,SOC_MAPPING,STRONG_EXCLUSION_PATTERN,soc_mapping:2,nontechnical_management_analysis,NOT_REQUIRED,NOT_REQUIRED,TECHNICAL:systems_infrastructure -> NOT_RELEVANT:not_relevant
dol_perm,Consultant,15-1242.00,1,role_taxonomy_v1,role_taxonomy_v2,True,False,systems_infrastructure,not_relevant,SOC_MAPPING,STRONG_EXCLUSION_PATTERN,soc_mapping:2,nontechnical_management_analysis,NOT_REQUIRED,NOT_REQUIRED,TECHNICAL:systems_infrastructure -> NOT_RELEVANT:not_relevant
dol_perm,Consultant,15-1244.00,1,role_taxonomy_v1,role_taxonomy_v2,True,False,systems_infrastructure,not_relevant,SOC_MAPPING,STRONG_EXCLUSION_PATTERN,soc_mapping:2,nontechnical_management_analysis,NOT_REQUIRED,NOT_REQUIRED,TECHNICAL:systems_infrastructure -> NOT_RELEVANT:not_relevant
dol_lca,Consultant	,15-1211.00,1,role_taxonomy_v1,role_taxonomy_v2,True,False,systems_infrastructure,not_relevant,SOC_MAPPING,STRONG_EXCLUSION_PATTERN,soc_mapping:2,nontechnical_management_analysis,NOT_REQUIRED,NOT_REQUIRED,TECHNICAL:systems_infrastructure -> NOT_RELEVANT:not_relevant
dol_lca,Consultant ,15-1242.00,1,role_taxonomy_v1,role_taxonomy_v2,True,False,systems_infrastructure,not_relevant,SOC_MAPPING,STRONG_EXCLUSION_PATTERN,soc_mapping:2,nontechnical_management_analysis,NOT_REQUIRED,NOT_REQUIRED,TECHNICAL:systems_infrastructure -> NOT_RELEVANT:not_relevant
dol_lca,DESKTOP SUPPORT ENGINEER,15-1244.00,1,role_taxonomy_v1,role_taxonomy_v2,True,False,systems_infrastructure,not_relevant,SOC_MAPPING,STRONG_EXCLUSION_PATTERN,soc_mapping:2,low_level_it_support,NOT_REQUIRED,NOT_REQUIRED,TECHNICAL:systems_infrastructure -> NOT_RELEVANT:not_relevant
dol_lca,DIRECTOR,15-1212.00,1,role_taxonomy_v1,role_taxonomy_v2,True,False,systems_infrastructure,not_relevant,SOC_MAPPING,STRONG_EXCLUSION_PATTERN,soc_mapping:2,nontechnical_management_analysis,NOT_REQUIRED,NOT_REQUIRED,TECHNICAL:systems_infrastructure -> NOT_RELEVANT:not_relevant
dol_lca,Desktop Support Engineer,15-1244.00,1,role_taxonomy_v1,role_taxonomy_v2,True,False,systems_infrastructure,not_relevant,SOC_MAPPING,STRONG_EXCLUSION_PATTERN,soc_mapping:2,low_level_it_support,NOT_REQUIRED,NOT_REQUIRED,TECHNICAL:systems_infrastructure -> NOT_RELEVANT:not_relevant
dol_lca,Desktop Support Manager,15-1244.00,1,role_taxonomy_v1,role_taxonomy_v2,True,False,systems_infrastructure,not_relevant,SOC_MAPPING,STRONG_EXCLUSION_PATTERN,soc_mapping:2,low_level_it_support,NOT_REQUIRED,NOT_REQUIRED,TECHNICAL:systems_infrastructure -> NOT_RELEVANT:not_relevant
dol_lca,Desktop Support Specialist,15-1211.00,1,role_taxonomy_v1,role_taxonomy_v2,True,False,systems_infrastructure,not_relevant,SOC_MAPPING,STRONG_EXCLUSION_PATTERN,soc_mapping:2,low_level_it_support,NOT_REQUIRED,NOT_REQUIRED,TECHNICAL:systems_infrastructure -> NOT_RELEVANT:not_relevant
dol_perm,Director,15-1121,1,role_taxonomy_v1,role_taxonomy_v2,True,False,systems_infrastructure,not_relevant,SOC_MAPPING,STRONG_EXCLUSION_PATTERN,soc_mapping:2,nontechnical_management_analysis,NOT_REQUIRED,NOT_REQUIRED,TECHNICAL:systems_infrastructure -> NOT_RELEVANT:not_relevant
dol_perm,Director,15-1212.00,1,role_taxonomy_v1,role_taxonomy_v2,True,False,systems_infrastructure,not_relevant,SOC_MAPPING,STRONG_EXCLUSION_PATTERN,soc_mapping:2,nontechnical_management_analysis,NOT_REQUIRED,NOT_REQUIRED,TECHNICAL:systems_infrastructure -> NOT_RELEVANT:not_relevant
dol_lca,Director ,15-1212.00,1,role_taxonomy_v1,role_taxonomy_v2,True,False,systems_infrastructure,not_relevant,SOC_MAPPING,STRONG_EXCLUSION_PATTERN,soc_mapping:2,nontechnical_management_analysis,NOT_REQUIRED,NOT_REQUIRED,TECHNICAL:systems_infrastructure -> NOT_RELEVANT:not_relevant
dol_perm,ERP Sales Engineer (#KD-1106),15-1211.00,1,role_taxonomy_v1,role_taxonomy_v2,True,False,systems_infrastructure,not_relevant,SOC_MAPPING,STRONG_EXCLUSION_PATTERN,soc_mapping:2,sales_recruiting,NOT_REQUIRED,NOT_REQUIRED,TECHNICAL:systems_infrastructure -> NOT_RELEVANT:not_relevant
dol_perm,Enterprise Account Executive,15-1121,1,role_taxonomy_v1,role_taxonomy_v2,True,False,systems_infrastructure,not_relevant,SOC_MAPPING,STRONG_EXCLUSION_PATTERN,soc_mapping:2,sales_recruiting,NOT_REQUIRED,NOT_REQUIRED,TECHNICAL:systems_infrastructure -> NOT_RELEVANT:not_relevant
dol_perm,IT Support Technician,15-1211.00,1,role_taxonomy_v1,role_taxonomy_v2,True,False,systems_infrastructure,not_relevant,SOC_MAPPING,STRONG_EXCLUSION_PATTERN,soc_mapping:2,low_level_it_support,NOT_REQUIRED,NOT_REQUIRED,TECHNICAL:systems_infrastructure -> NOT_RELEVANT:not_relevant
dol_lca,IT Support Technician,15-1244.00,1,role_taxonomy_v1,role_taxonomy_v2,True,False,systems_infrastructure,not_relevant,SOC_MAPPING,STRONG_EXCLUSION_PATTERN,soc_mapping:2,low_level_it_support,NOT_REQUIRED,NOT_REQUIRED,TECHNICAL:systems_infrastructure -> NOT_RELEVANT:not_relevant
dol_lca,MANAGER,15-1212.00,1,role_taxonomy_v1,role_taxonomy_v2,True,False,systems_infrastructure,not_relevant,SOC_MAPPING,STRONG_EXCLUSION_PATTERN,soc_mapping:2,nontechnical_management_analysis,NOT_REQUIRED,NOT_REQUIRED,TECHNICAL:systems_infrastructure -> NOT_RELEVANT:not_relevant
dol_perm,Manager,15-1141,1,role_taxonomy_v1,role_taxonomy_v2,True,False,systems_infrastructure,not_relevant,SOC_MAPPING,STRONG_EXCLUSION_PATTERN,soc_mapping:2,nontechnical_management_analysis,NOT_REQUIRED,NOT_REQUIRED,TECHNICAL:systems_infrastructure -> NOT_RELEVANT:not_relevant
dol_lca,Manager,15-1141.00,1,role_taxonomy_v1,role_taxonomy_v2,True,False,systems_infrastructure,not_relevant,SOC_MAPPING,STRONG_EXCLUSION_PATTERN,soc_mapping:2,nontechnical_management_analysis,NOT_REQUIRED,NOT_REQUIRED,TECHNICAL:systems_infrastructure -> NOT_RELEVANT:not_relevant
dol_perm,Manager,15-1142,1,role_taxonomy_v1,role_taxonomy_v2,True,False,systems_infrastructure,not_relevant,SOC_MAPPING,STRONG_EXCLUSION_PATTERN,soc_mapping:2,nontechnical_management_analysis,NOT_REQUIRED,NOT_REQUIRED,TECHNICAL:systems_infrastructure -> NOT_RELEVANT:not_relevant
dol_lca,Manager,15-1244.00,1,role_taxonomy_v1,role_taxonomy_v2,True,False,systems_infrastructure,not_relevant,SOC_MAPPING,STRONG_EXCLUSION_PATTERN,soc_mapping:2,nontechnical_management_analysis,NOT_REQUIRED,NOT_REQUIRED,TECHNICAL:systems_infrastructure -> NOT_RELEVANT:not_relevant
dol_lca,Manager ,15-1211.00,1,role_taxonomy_v1,role_taxonomy_v2,True,False,systems_infrastructure,not_relevant,SOC_MAPPING,STRONG_EXCLUSION_PATTERN,soc_mapping:2,nontechnical_management_analysis,NOT_REQUIRED,NOT_REQUIRED,TECHNICAL:systems_infrastructure -> NOT_RELEVANT:not_relevant
dol_perm,Nursing Informatician,15-1211.00,1,role_taxonomy_v1,role_taxonomy_v2,True,False,systems_infrastructure,not_relevant,SOC_MAPPING,STRONG_EXCLUSION_PATTERN,soc_mapping:2,medical,NOT_REQUIRED,NOT_REQUIRED,TECHNICAL:systems_infrastructure -> NOT_RELEVANT:not_relevant
dol_lca,PROJECT MANAGER,15-1211.00,1,role_taxonomy_v1,role_taxonomy_v2,True,False,systems_infrastructure,not_relevant,SOC_MAPPING,STRONG_EXCLUSION_PATTERN,soc_mapping:2,nontechnical_management_analysis,NOT_REQUIRED,NOT_REQUIRED,TECHNICAL:systems_infrastructure -> NOT_RELEVANT:not_relevant
dol_perm,PROJECT MANAGER,15-1211.00,1,role_taxonomy_v1,role_taxonomy_v2,True,False,systems_infrastructure,not_relevant,SOC_MAPPING,STRONG_EXCLUSION_PATTERN,soc_mapping:2,nontechnical_management_analysis,NOT_REQUIRED,NOT_REQUIRED,TECHNICAL:systems_infrastructure -> NOT_RELEVANT:not_relevant
dol_perm,"Principal SAP Sales Engineer, Financial Systems",15-1211.00,1,role_taxonomy_v1,role_taxonomy_v2,True,False,systems_infrastructure,not_relevant,SOC_MAPPING,STRONG_EXCLUSION_PATTERN,soc_mapping:2,sales_recruiting,NOT_REQUIRED,NOT_REQUIRED,TECHNICAL:systems_infrastructure -> NOT_RELEVANT:not_relevant
dol_lca,Product Manager,15-1212.00,1,role_taxonomy_v1,role_taxonomy_v2,True,False,systems_infrastructure,not_relevant,SOC_MAPPING,STRONG_EXCLUSION_PATTERN,soc_mapping:2,nontechnical_management_analysis,NOT_REQUIRED,NOT_REQUIRED,TECHNICAL:systems_infrastructure -> NOT_RELEVANT:not_relevant
dol_perm,Project Manager,15-1242.00,1,role_taxonomy_v1,role_taxonomy_v2,True,False,systems_infrastructure,not_relevant,SOC_MAPPING,STRONG_EXCLUSION_PATTERN,soc_mapping:2,nontechnical_management_analysis,NOT_REQUIRED,NOT_REQUIRED,TECHNICAL:systems_infrastructure -> NOT_RELEVANT:not_relevant
dol_perm,Sales Engineer,15-1211.00,1,role_taxonomy_v1,role_taxonomy_v2,True,False,systems_infrastructure,not_relevant,SOC_MAPPING,STRONG_EXCLUSION_PATTERN,soc_mapping:2,sales_recruiting,NOT_REQUIRED,NOT_REQUIRED,TECHNICAL:systems_infrastructure -> NOT_RELEVANT:not_relevant
dol_lca,Sales Engineer,15-1212.00,1,role_taxonomy_v1,role_taxonomy_v2,True,False,systems_infrastructure,not_relevant,SOC_MAPPING,STRONG_EXCLUSION_PATTERN,soc_mapping:2,sales_recruiting,NOT_REQUIRED,NOT_REQUIRED,TECHNICAL:systems_infrastructure -> NOT_RELEVANT:not_relevant
dol_perm,Senior Sales Engineer,15-1121,1,role_taxonomy_v1,role_taxonomy_v2,True,False,systems_infrastructure,not_relevant,SOC_MAPPING,STRONG_EXCLUSION_PATTERN,soc_mapping:2,sales_recruiting,NOT_REQUIRED,NOT_REQUIRED,TECHNICAL:systems_infrastructure -> NOT_RELEVANT:not_relevant
dol_lca,Senior Sales Engineer,15-1211.00,1,role_taxonomy_v1,role_taxonomy_v2,True,False,systems_infrastructure,not_relevant,SOC_MAPPING,STRONG_EXCLUSION_PATTERN,soc_mapping:2,sales_recruiting,NOT_REQUIRED,NOT_REQUIRED,TECHNICAL:systems_infrastructure -> NOT_RELEVANT:not_relevant
dol_perm,"Senior Technical People Operations Analyst, Talent Acquisition",15-1121,1,role_taxonomy_v1,role_taxonomy_v2,True,False,systems_infrastructure,not_relevant,SOC_MAPPING,STRONG_EXCLUSION_PATTERN,soc_mapping:2,sales_recruiting,NOT_REQUIRED,NOT_REQUIRED,TECHNICAL:systems_infrastructure -> NOT_RELEVANT:not_relevant
dol_lca,Service Account Executive,15-1121.00,1,role_taxonomy_v1,role_taxonomy_v2,True,False,systems_infrastructure,not_relevant,SOC_MAPPING,STRONG_EXCLUSION_PATTERN,soc_mapping:2,sales_recruiting,NOT_REQUIRED,NOT_REQUIRED,TECHNICAL:systems_infrastructure -> NOT_RELEVANT:not_relevant
dol_lca,Services Senior Account Executive ,15-1211.00,1,role_taxonomy_v1,role_taxonomy_v2,True,False,systems_infrastructure,not_relevant,SOC_MAPPING,STRONG_EXCLUSION_PATTERN,soc_mapping:2,sales_recruiting,NOT_REQUIRED,NOT_REQUIRED,TECHNICAL:systems_infrastructure -> NOT_RELEVANT:not_relevant
dol_perm,Sr Adv Appl/Sys Sales Engineer,15-1211.00,1,role_taxonomy_v1,role_taxonomy_v2,True,False,systems_infrastructure,not_relevant,SOC_MAPPING,STRONG_EXCLUSION_PATTERN,soc_mapping:2,sales_recruiting,NOT_REQUIRED,NOT_REQUIRED,TECHNICAL:systems_infrastructure -> NOT_RELEVANT:not_relevant
dol_lca,Staff Nursing Informatician,15-1211.01,1,role_taxonomy_v1,role_taxonomy_v2,True,False,systems_infrastructure,not_relevant,SOC_MAPPING,STRONG_EXCLUSION_PATTERN,soc_mapping:2,medical,NOT_REQUIRED,NOT_REQUIRED,TECHNICAL:systems_infrastructure -> NOT_RELEVANT:not_relevant
dol_perm,Technical Recruiter,15-1121,1,role_taxonomy_v1,role_taxonomy_v2,True,False,systems_infrastructure,not_relevant,SOC_MAPPING,STRONG_EXCLUSION_PATTERN,soc_mapping:2,sales_recruiting,NOT_REQUIRED,NOT_REQUIRED,TECHNICAL:systems_infrastructure -> NOT_RELEVANT:not_relevant
dol_perm,Technical Sales Engineer,15-1121,1,role_taxonomy_v1,role_taxonomy_v2,True,False,systems_infrastructure,not_relevant,SOC_MAPPING,STRONG_EXCLUSION_PATTERN,soc_mapping:2,sales_recruiting,NOT_REQUIRED,NOT_REQUIRED,TECHNICAL:systems_infrastructure -> NOT_RELEVANT:not_relevant
dol_lca,Technical Sales Engineer,15-1211.00,1,role_taxonomy_v1,role_taxonomy_v2,True,False,systems_infrastructure,not_relevant,SOC_MAPPING,STRONG_EXCLUSION_PATTERN,soc_mapping:2,sales_recruiting,NOT_REQUIRED,NOT_REQUIRED,TECHNICAL:systems_infrastructure -> NOT_RELEVANT:not_relevant
dol_lca,Workday Recruiting Business System Analyst,15-1211.00,1,role_taxonomy_v1,role_taxonomy_v2,True,False,systems_infrastructure,not_relevant,SOC_MAPPING,STRONG_EXCLUSION_PATTERN,soc_mapping:2,sales_recruiting,NOT_REQUIRED,NOT_REQUIRED,TECHNICAL:systems_infrastructure -> NOT_RELEVANT:not_relevant
dol_lca, PRODUCT MANAGER,15-1211.00,1,role_taxonomy_v1,role_taxonomy_v2,True,False,systems_infrastructure,not_relevant,SOC_MAPPING,STRONG_EXCLUSION_PATTERN,soc_mapping:2,nontechnical_management_analysis,NOT_REQUIRED,NOT_REQUIRED,TECHNICAL:systems_infrastructure -> NOT_RELEVANT:not_relevant
dol_perm,Cloud Infrastructure Engineer,15-1143,1,role_taxonomy_v1,role_taxonomy_v2,True,True,systems_infrastructure,cloud,STRONG_TITLE_PATTERN,STRONG_TITLE_PATTERN,systems_infrastructure,cloud,NOT_REQUIRED,NOT_REQUIRED,TECHNICAL:systems_infrastructure -> TECHNICAL:cloud
dol_perm,Cloud Infrastructure Engineer – Lead Associate ,,1,role_taxonomy_v1,role_taxonomy_v2,True,True,systems_infrastructure,cloud,STRONG_TITLE_PATTERN,STRONG_TITLE_PATTERN,systems_infrastructure,cloud,NOT_REQUIRED,NOT_REQUIRED,TECHNICAL:systems_infrastructure -> TECHNICAL:cloud
dol_lca,Sr. Cloud Infrastructure Engineer,17-2199.00,1,role_taxonomy_v1,role_taxonomy_v2,True,True,systems_infrastructure,cloud,STRONG_TITLE_PATTERN,STRONG_TITLE_PATTERN,systems_infrastructure,cloud,NOT_REQUIRED,NOT_REQUIRED,TECHNICAL:systems_infrastructure -> TECHNICAL:cloud
dol_lca, Manager,11-3021.00,1,role_taxonomy_v1,role_taxonomy_v2,True,False,technical_management_related,not_relevant,SOC_MAPPING,STRONG_EXCLUSION_PATTERN,soc_mapping:5,nontechnical_management_analysis,NOT_REQUIRED,NOT_REQUIRED,TECHNICAL:technical_management_related -> NOT_RELEVANT:not_relevant
dol_lca,"ASSISTANT PROFESSOR,",11-3021.00,1,role_taxonomy_v1,role_taxonomy_v2,True,False,technical_management_related,not_relevant,SOC_MAPPING,STRONG_EXCLUSION_PATTERN,soc_mapping:5,noncomputing_faculty,NOT_REQUIRED,NOT_REQUIRED,TECHNICAL:technical_management_related -> NOT_RELEVANT:not_relevant
dol_perm,Consultant ,11-3021.00,1,role_taxonomy_v1,role_taxonomy_v2,True,False,technical_management_related,not_relevant,SOC_MAPPING,STRONG_EXCLUSION_PATTERN,soc_mapping:5,nontechnical_management_analysis,NOT_REQUIRED,NOT_REQUIRED,TECHNICAL:technical_management_related -> NOT_RELEVANT:not_relevant
dol_perm,DIRECTOR,11-3021,1,role_taxonomy_v1,role_taxonomy_v2,True,False,technical_management_related,not_relevant,SOC_MAPPING,STRONG_EXCLUSION_PATTERN,soc_mapping:5,nontechnical_management_analysis,NOT_REQUIRED,NOT_REQUIRED,TECHNICAL:technical_management_related -> NOT_RELEVANT:not_relevant
dol_lca,DIRECTOR,11-3021.00,1,role_taxonomy_v1,role_taxonomy_v2,True,False,technical_management_related,not_relevant,SOC_MAPPING,STRONG_EXCLUSION_PATTERN,soc_mapping:5,nontechnical_management_analysis,NOT_REQUIRED,NOT_REQUIRED,TECHNICAL:technical_management_related -> NOT_RELEVANT:not_relevant
dol_lca,DIRECTOR ,11-3021.00,1,role_taxonomy_v1,role_taxonomy_v2,True,False,technical_management_related,not_relevant,SOC_MAPPING,STRONG_EXCLUSION_PATTERN,soc_mapping:5,nontechnical_management_analysis,NOT_REQUIRED,NOT_REQUIRED,TECHNICAL:technical_management_related -> NOT_RELEVANT:not_relevant
dol_lca,"Director, Biomedical Engineering",11-3021.00,1,role_taxonomy_v1,role_taxonomy_v2,True,False,technical_management_related,not_relevant,SOC_MAPPING,STRONG_EXCLUSION_PATTERN,soc_mapping:5,biological_chemical,NOT_REQUIRED,NOT_REQUIRED,TECHNICAL:technical_management_related -> NOT_RELEVANT:not_relevant
dol_lca,Head of DICE Chemistry Product Engineering,11-3021.00,1,role_taxonomy_v1,role_taxonomy_v2,True,False,technical_management_related,not_relevant,SOC_MAPPING,STRONG_EXCLUSION_PATTERN,soc_mapping:5,biological_chemical,NOT_REQUIRED,NOT_REQUIRED,TECHNICAL:technical_management_related -> NOT_RELEVANT:not_relevant
dol_lca,MANAGER,11-3021.00,1,role_taxonomy_v1,role_taxonomy_v2,True,False,technical_management_related,not_relevant,SOC_MAPPING,STRONG_EXCLUSION_PATTERN,soc_mapping:5,nontechnical_management_analysis,NOT_REQUIRED,NOT_REQUIRED,TECHNICAL:technical_management_related -> NOT_RELEVANT:not_relevant
dol_perm,Manager ,11-3021.00,1,role_taxonomy_v1,role_taxonomy_v2,True,False,technical_management_related,not_relevant,SOC_MAPPING,STRONG_EXCLUSION_PATTERN,soc_mapping:5,nontechnical_management_analysis,NOT_REQUIRED,NOT_REQUIRED,TECHNICAL:technical_management_related -> NOT_RELEVANT:not_relevant
dol_lca,PRODUCT MANAGER,11-3021,1,role_taxonomy_v1,role_taxonomy_v2,True,False,technical_management_related,not_relevant,SOC_MAPPING,STRONG_EXCLUSION_PATTERN,soc_mapping:5,nontechnical_management_analysis,NOT_REQUIRED,NOT_REQUIRED,TECHNICAL:technical_management_related -> NOT_RELEVANT:not_relevant
dol_perm,PRODUCT MANAGER,11-3021.00,1,role_taxonomy_v1,role_taxonomy_v2,True,False,technical_management_related,not_relevant,SOC_MAPPING,STRONG_EXCLUSION_PATTERN,soc_mapping:5,nontechnical_management_analysis,NOT_REQUIRED,NOT_REQUIRED,TECHNICAL:technical_management_related -> NOT_RELEVANT:not_relevant
dol_perm,PROJECT MANAGER,11-3021.00,1,role_taxonomy_v1,role_taxonomy_v2,True,False,technical_management_related,not_relevant,SOC_MAPPING,STRONG_EXCLUSION_PATTERN,soc_mapping:5,nontechnical_management_analysis,NOT_REQUIRED,NOT_REQUIRED,TECHNICAL:technical_management_related -> NOT_RELEVANT:not_relevant
dol_lca,Principal Account Executive,11-3021.00,1,role_taxonomy_v1,role_taxonomy_v2,True,False,technical_management_related,not_relevant,SOC_MAPPING,STRONG_EXCLUSION_PATTERN,soc_mapping:5,sales_recruiting,NOT_REQUIRED,NOT_REQUIRED,TECHNICAL:technical_management_related -> NOT_RELEVANT:not_relevant
dol_lca,Product  Manager,11-3021.00,1,role_taxonomy_v1,role_taxonomy_v2,True,False,technical_management_related,not_relevant,SOC_MAPPING,STRONG_EXCLUSION_PATTERN,soc_mapping:5,nontechnical_management_analysis,NOT_REQUIRED,NOT_REQUIRED,TECHNICAL:technical_management_related -> NOT_RELEVANT:not_relevant
dol_perm,"Product Manager-Recruitment, Onboarding & Flexible Workforce",11-3021,1,role_taxonomy_v1,role_taxonomy_v2,True,False,technical_management_related,not_relevant,SOC_MAPPING,STRONG_EXCLUSION_PATTERN,soc_mapping:5,sales_recruiting,NOT_REQUIRED,NOT_REQUIRED,TECHNICAL:technical_management_related -> NOT_RELEVANT:not_relevant
dol_lca,Project Manager ,11-3021.00,1,role_taxonomy_v1,role_taxonomy_v2,True,False,technical_management_related,not_relevant,SOC_MAPPING,STRONG_EXCLUSION_PATTERN,soc_mapping:5,nontechnical_management_analysis,NOT_REQUIRED,NOT_REQUIRED,TECHNICAL:technical_management_related -> NOT_RELEVANT:not_relevant
dol_perm,Talent Acquisition Data Strategy Leader,11-3021.00,1,role_taxonomy_v1,role_taxonomy_v2,True,False,technical_management_related,not_relevant,SOC_MAPPING,STRONG_EXCLUSION_PATTERN,soc_mapping:5,sales_recruiting,NOT_REQUIRED,NOT_REQUIRED,TECHNICAL:technical_management_related -> NOT_RELEVANT:not_relevant
dol_lca,Talent Acquisition Technology Leader (Sr. Manager),11-3021.00,1,role_taxonomy_v1,role_taxonomy_v2,True,False,technical_management_related,not_relevant,SOC_MAPPING,STRONG_EXCLUSION_PATTERN,soc_mapping:5,sales_recruiting,NOT_REQUIRED,NOT_REQUIRED,TECHNICAL:technical_management_related -> NOT_RELEVANT:not_relevant
dol_perm,VP Sales Engineering,11-3021,1,role_taxonomy_v1,role_taxonomy_v2,True,False,technical_management_related,not_relevant,SOC_MAPPING,STRONG_EXCLUSION_PATTERN,soc_mapping:5,sales_recruiting,NOT_REQUIRED,NOT_REQUIRED,TECHNICAL:technical_management_related -> NOT_RELEVANT:not_relevant
dol_lca,"VP, Sales Engineering and Support",11-3021.00,1,role_taxonomy_v1,role_taxonomy_v2,True,False,technical_management_related,not_relevant,SOC_MAPPING,STRONG_EXCLUSION_PATTERN,soc_mapping:5,sales_recruiting,NOT_REQUIRED,NOT_REQUIRED,TECHNICAL:technical_management_related -> NOT_RELEVANT:not_relevant
dol_lca,Vice President of Sales Engineering,11-3021.00,1,role_taxonomy_v1,role_taxonomy_v2,True,False,technical_management_related,not_relevant,SOC_MAPPING,STRONG_EXCLUSION_PATTERN,soc_mapping:5,sales_recruiting,NOT_REQUIRED,NOT_REQUIRED,TECHNICAL:technical_management_related -> NOT_RELEVANT:not_relevant
dol_lca,"Vice President, Communication Account Executive",11-3021.00,1,role_taxonomy_v1,role_taxonomy_v2,True,False,technical_management_related,not_relevant,SOC_MAPPING,STRONG_EXCLUSION_PATTERN,soc_mapping:5,sales_recruiting,NOT_REQUIRED,NOT_REQUIRED,TECHNICAL:technical_management_related -> NOT_RELEVANT:not_relevant
dol_perm,Biomedical NLP Data Scientist,11-3021,1,role_taxonomy_v1,role_taxonomy_v2,True,True,technical_management_related,data_science,SOC_MAPPING,STRONG_TITLE_PATTERN,soc_mapping:5,data_science,NOT_REQUIRED,NOT_REQUIRED,TECHNICAL:technical_management_related -> TECHNICAL:data_science
